FUSE_time,FUSE_x,FUSE_y,FUSE_yaw
1688392876,0.0,0.0,0.0
1688392876,0.0,0.0,-0.0379
1688392876,0.0,0.0,-0.0379
1688392876,0.0,0.0,-0.038
1688392876,0.0,0.0,-0.038
1688392876,0.0,0.0,-0.0383
1688392877,-0.0,-0.0,-0.0382
1688392877,0.0,-0.0,-0.0383
1688392877,0.0,-0.0,-0.0383
1688392877,0.0,-0.0,-0.0383
1688392877,0.0,-0.0,-0.0384
1688392877,0.0,-0.0,-0.0386
1688392877,0.0,-0.0,-0.0387
1688392877,0.0,-0.0,-0.0387
1688392877,0.0,-0.0,-0.0388
1688392877,0.0,-0.0,-0.0389
1688392878,0.0,-0.0,-0.039
1688392878,0.0,-0.0,-0.0389
1688392878,0.0,-0.0,-0.039
1688392878,0.0,-0.0,-0.0391
1688392878,0.0,-0.0,-0.0392
1688392878,-0.0,-0.0,-0.0391
1688392878,-0.0,-0.0,-0.0392
1688392878,-0.0,-0.0,-0.0392
1688392878,-0.0,-0.0,-0.0391
1688392878,-0.0,-0.0,-0.0392
1688392879,-0.0,-0.0,-0.0393
1688392879,-0.0,-0.0,-0.0393
1688392879,-0.0,-0.0,-0.0393
1688392879,-0.0,-0.0,-0.0393
1688392879,-0.0,-0.0,-0.0394
1688392879,-0.0,-0.0,-0.0394
1688392879,-0.0,-0.0,-0.0394
1688392879,-0.0,-0.0,-0.0395
1688392879,-0.0,-0.0,-0.0395
1688392879,-0.0,-0.0,-0.0396
1688392880,-0.0,-0.0,-0.0396
1688392880,-0.0,-0.0,-0.0397
1688392880,-0.0,-0.0,-0.0397
1688392880,-0.0,-0.0,-0.0398
1688392880,-0.0,-0.0,-0.0399
1688392880,-0.0,-0.0,-0.0399
1688392880,-0.0,-0.0,-0.04
1688392880,-0.0,-0.0,-0.0399
1688392880,-0.0,-0.0,-0.0399
1688392880,-0.0,-0.0,-0.0399
1688392881,-0.0,-0.0,-0.0399
1688392881,-0.0,-0.0,-0.04
1688392881,-0.0,0.0006,-0.0401
1688392881,-0.0,0.0006,-0.0401
1688392881,-0.0,0.0006,-0.0402
1688392881,-0.0,0.0006,-0.0402
1688392881,-0.0,0.0006,-0.0402
1688392881,-0.0,0.0006,-0.0403
1688392881,-0.0,0.0007,-0.0404
1688392881,-0.0,0.0007,-0.0404
1688392882,-0.0,0.0007,-0.0404
1688392882,-0.0,0.0007,-0.0406
1688392882,-0.0,0.0007,-0.0406
1688392882,-0.0,0.0007,-0.0407
1688392882,-0.0,0.0007,-0.0408
1688392882,-0.0,0.0007,-0.041
1688392882,-0.0,0.0007,-0.041
1688392882,-0.0,0.0007,-0.041
1688392882,-0.0,0.0007,-0.0409
1688392882,-0.0,0.0007,-0.0411
1688392883,-0.0,0.0007,-0.0412
1688392883,-0.0,0.0007,-0.0413
1688392883,-0.0,0.0007,-0.0412
1688392883,-0.0,0.0007,-0.0413
1688392883,-0.0,0.0007,-0.0414
1688392883,-0.0,0.0007,-0.0414
1688392883,-0.0,0.0007,-0.0415
1688392883,-0.0,0.0007,-0.0416
1688392883,-0.0,0.0007,-0.0416
1688392883,-0.0,0.0007,-0.0416
1688392884,-0.0,0.0007,-0.0417
1688392884,-0.0,0.0007,-0.0417
1688392884,-0.0,0.0007,-0.0419
1688392884,-0.0,0.0007,-0.0419
1688392884,-0.0,0.0007,-0.0418
1688392884,-0.0,0.0007,-0.0418
1688392884,-0.0,0.0007,-0.0418
1688392884,-0.0,0.0007,-0.0418
1688392884,-0.0,0.0007,-0.042
1688392884,-0.0,0.0007,-0.0421
1688392885,-0.0,0.0007,-0.0421
1688392885,-0.0,0.0007,-0.042
1688392885,-0.0,0.0007,-0.0421
1688392885,-0.0,0.0007,-0.0422
1688392885,-0.0,0.0007,-0.0422
1688392885,-0.0,0.0007,-0.0423
1688392885,-0.0,0.0007,-0.0424
1688392885,-0.0,0.0007,-0.0424
1688392885,-0.0,0.0007,-0.0425
1688392885,-0.0,0.0007,-0.0425
1688392886,-0.0,0.0007,-0.0426
1688392886,-0.0,0.0007,-0.0428
1688392886,-0.0,0.0007,-0.0428
1688392886,-0.0,0.0007,-0.0428
1688392886,0.0,0.0007,-0.0429
1688392886,0.0,0.0007,-0.043
1688392886,0.0,0.0007,-0.0431
1688392886,0.0,0.0007,-0.0431
1688392886,0.0,0.0007,-0.0431
1688392886,0.0,0.0007,-0.043
1688392887,0.0,0.0007,-0.0431
1688392887,0.0,0.0007,-0.0432
1688392887,0.0,0.0007,-0.0433
1688392887,0.0,0.0007,-0.0432
1688392887,0.0,0.0007,-0.0434
1688392887,0.0,0.0007,-0.0435
1688392887,0.0,0.0007,-0.0436
1688392887,0.0,0.0007,-0.0436
1688392887,0.0,0.0007,-0.0438
1688392887,0.0,0.0007,-0.0439
1688392888,0.0,0.0007,-0.0438
1688392888,0.0,0.0007,-0.0438
1688392888,0.0,0.0007,-0.0444
1688392888,0.0,0.0007,-0.05
1688392888,0.0096,0.0001,-0.0527
1688392888,0.0192,-0.0003,-0.0577
1688392888,0.0288,-0.0008,-0.0662
1688392888,0.0416,-0.0017,-0.0954
1688392888,0.0589,-0.0034,-0.1167
1688392888,0.0698,-0.0047,-0.1412
1688392888,0.0681,-0.0042,-0.148
1688392889,0.0853,-0.0065,-0.1673
1688392889,0.0904,-0.0073,-0.1883
1688392889,0.0991,-0.0089,-0.2083
1688392889,0.1091,-0.0107,-0.2185
1688392889,0.1074,-0.0073,-0.247
1688392889,0.1178,-0.0101,-0.2603
1688392889,0.1258,-0.0115,-0.2821
1688392889,0.1321,-0.0131,-0.2847
1688392889,0.1417,-0.0139,-0.3029
1688392890,0.1478,-0.0147,-0.3205
1688392890,0.1569,-0.0169,-0.3372
1688392890,0.1651,-0.0187,-0.3448
1688392890,0.1711,-0.0208,-0.3649
1688392890,0.1895,-0.0269,-0.3879
1688392890,0.1963,-0.0299,-0.4058
1688392890,0.2039,-0.0329,-0.416
1688392890,0.2092,-0.0354,-0.4298
1688392890,0.209,-0.0352,-0.4347
1688392890,0.2164,-0.0386,-0.4423
1688392891,0.2269,-0.0439,-0.4594
1688392891,0.2356,-0.0486,-0.4802
1688392891,0.2439,-0.0535,-0.4871
1688392891,0.2576,-0.0608,-0.4931
1688392891,0.2522,-0.0609,-0.4998
1688392891,0.2602,-0.0653,-0.5087
1688392891,0.2769,-0.0747,-0.5134
1688392891,0.2857,-0.0793,-0.5287
1688392891,0.2924,-0.0836,-0.5517
1688392891,0.309,-0.0939,-0.5609
1688392891,0.3087,-0.0937,-0.5722
1688392892,0.3228,-0.104,-0.576
1688392892,0.3337,-0.1112,-0.5796
1688392892,0.3314,-0.1102,-0.5809
1688392892,0.3338,-0.112,-0.583
1688392892,0.3563,-0.127,-0.5884
1688392892,0.3668,-0.1339,-0.5902
1688392892,0.3739,-0.1386,-0.5914
1688392892,0.3732,-0.1383,-0.5935
1688392892,0.389,-0.1491,-0.5965
1688392892,0.391,-0.1502,-0.601
1688392893,0.408,-0.1619,-0.6079
1688392893,0.416,-0.1675,-0.6104
1688392893,0.4302,-0.1774,-0.6156
1688392893,0.4307,-0.1778,-0.6174
1688392893,0.4443,-0.1872,-0.6213
1688392893,0.4522,-0.193,-0.6219
1688392893,0.4629,-0.2003,-0.6226
1688392893,0.4622,-0.1999,-0.6232
1688392893,0.477,-0.2098,-0.6233
1688392894,0.4916,-0.2201,-0.6226
1688392894,0.5013,-0.2266,-0.6223
1688392894,0.5019,-0.227,-0.6219
1688392894,0.5078,-0.2312,-0.6214
1688392894,0.523,-0.2418,-0.6178
1688392894,0.5307,-0.2472,-0.6148
1688392894,0.54,-0.2534,-0.6058
1688392894,0.5462,-0.2575,-0.6014
1688392894,0.557,-0.2638,-0.5911
1688392894,0.577,-0.2763,-0.5768
1688392894,0.5848,-0.2805,-0.5628
1688392895,0.5922,-0.2836,-0.5382
1688392895,0.5983,-0.2867,-0.5129
1688392895,0.6079,-0.2918,-0.499
1688392895,0.6134,-0.2947,-0.4949
1688392895,0.6242,-0.3002,-0.481
1688392895,0.6299,-0.3025,-0.4586
1688392895,0.6395,-0.3066,-0.4429
1688392895,0.6582,-0.3152,-0.4314
1688392895,0.6654,-0.3182,-0.4261
1688392896,0.6719,-0.3201,-0.4081
1688392896,0.6732,-0.3203,-0.3978
1688392896,0.6801,-0.3221,-0.3866
1688392896,0.7002,-0.3303,-0.3798
1688392896,0.709,-0.3319,-0.3635
1688392896,0.7181,-0.3329,-0.3482
1688392896,0.7283,-0.3362,-0.336
1688392896,0.7343,-0.3378,-0.3335
1688392896,0.7451,-0.3392,-0.3252
1688392896,0.7526,-0.3405,-0.3123
1688392897,0.7742,-0.3465,-0.3046
1688392897,0.7793,-0.3478,-0.3015
1688392897,0.7909,-0.345,-0.2914
1688392897,0.8022,-0.3479,-0.284
1688392897,0.8104,-0.3482,-0.2761
1688392897,0.819,-0.3504,-0.2708
1688392897,0.8378,-0.3537,-0.2552
1688392897,0.8481,-0.3555,-0.2405
1688392897,0.8485,-0.3538,-0.2341
1688392897,0.8653,-0.3572,-0.2311
1688392898,0.8768,-0.3585,-0.2274
1688392898,0.8742,-0.3576,-0.2257
1688392898,0.895,-0.3608,-0.2206
1688392898,0.8949,-0.3605,-0.218
1688392898,0.9135,-0.3646,-0.2135
1688392898,0.9216,-0.3653,-0.2038
1688392898,0.9224,-0.3655,-0.2018
1688392898,0.9397,-0.3686,-0.1994
1688392898,0.9568,-0.37,-0.1949
1688392898,0.9638,-0.3705,-0.1924
1688392899,0.975,-0.3715,-0.19
1688392899,0.9831,-0.3725,-0.1885
1688392899,0.991,-0.3723,-0.1855
1688392899,1.0008,-0.3732,-0.1837
1688392899,1.0005,-0.3726,-0.1821
1688392899,1.0196,-0.3735,-0.1809
1688392899,1.0162,-0.3722,-0.1798
1688392899,1.0347,-0.3738,-0.1772
1688392899,1.0537,-0.3769,-0.1762
1688392899,1.0534,-0.3756,-0.1748
1688392900,1.0727,-0.3774,-0.1722
1688392900,1.071,-0.376,-0.1723
1688392900,1.0931,-0.3795,-0.1719
1688392900,1.0891,-0.3773,-0.171
1688392900,1.108,-0.38,-0.1707
1688392900,1.1122,-0.3778,-0.17
1688392900,1.1305,-0.3806,-0.17
1688392900,1.1325,-0.3791,-0.1707
1688392900,1.1335,-0.3791,-0.171
1688392900,1.1572,-0.3825,-0.1732
1688392901,1.1689,-0.3836,-0.1738
1688392901,1.1751,-0.3846,-0.1741
1688392901,1.1932,-0.3868,-0.1734
1688392901,1.1951,-0.3865,-0.1741
1688392901,1.2038,-0.3877,-0.1746
1688392901,1.2136,-0.3891,-0.1748
1688392901,1.2216,-0.39,-0.177
1688392901,1.2406,-0.3934,-0.1791
1688392901,1.2415,-0.3936,-0.1814
1688392901,1.2485,-0.3943,-0.1838
1688392902,1.261,-0.3962,-0.1887
1688392902,1.2665,-0.3967,-0.1926
1688392902,1.2748,-0.3979,-0.1971
1688392902,1.2808,-0.3986,-0.206
1688392902,1.288,-0.4001,-0.2109
1688392902,1.2971,-0.4013,-0.2201
1688392902,1.3019,-0.4021,-0.2231
1688392902,1.3016,-0.4021,-0.2241
1688392902,1.3263,-0.4072,-0.2354
1688392902,1.3302,-0.4078,-0.2518
1688392903,1.3394,-0.4101,-0.2593
1688392903,1.3446,-0.4116,-0.262
1688392903,1.362,-0.4164,-0.2678
1688392903,1.3642,-0.4168,-0.2707
1688392903,1.3707,-0.4188,-0.2778
1688392903,1.382,-0.4223,-0.2873
1688392903,1.4005,-0.4277,-0.2949
1688392903,1.3984,-0.4269,-0.2979
1688392903,1.4177,-0.4329,-0.3042
1688392903,1.4243,-0.4353,-0.3082
1688392904,1.4337,-0.4382,-0.3123
1688392904,1.4429,-0.4412,-0.3138
1688392904,1.4421,-0.4411,-0.319
1688392904,1.4593,-0.4469,-0.3227
1688392904,1.4694,-0.4507,-0.3307
1688392904,1.4842,-0.4558,-0.336
1688392904,1.4838,-0.4559,-0.341
1688392904,1.5005,-0.4617,-0.3445
1688392904,1.5059,-0.4638,-0.3482
1688392904,1.5067,-0.4641,-0.35
1688392905,1.5212,-0.4695,-0.3537
1688392905,1.5359,-0.4756,-0.3606
1688392905,1.5377,-0.476,-0.3641
1688392905,1.5452,-0.4787,-0.3713
1688392905,1.558,-0.4839,-0.3766
1688392905,1.5579,-0.4837,-0.3782
1688392905,1.5736,-0.49,-0.3823
1688392905,1.5731,-0.4898,-0.3846
1688392905,1.591,-0.4972,-0.3888
1688392905,1.6019,-0.5018,-0.3924
1688392906,1.6088,-0.5044,-0.3959
1688392906,1.6186,-0.5084,-0.3986
1688392906,1.6259,-0.5115,-0.4009
1688392906,1.6329,-0.5142,-0.403
1688392906,1.6512,-0.5221,-0.4045
1688392906,1.6499,-0.5214,-0.406
1688392906,1.6666,-0.5284,-0.4082
1688392906,1.6668,-0.5283,-0.4091
1688392906,1.6851,-0.5359,-0.4102
1688392906,1.6852,-0.5356,-0.411
1688392906,1.7033,-0.5427,-0.4117
1688392907,1.6997,-0.5411,-0.4128
1688392907,1.7201,-0.5491,-0.414
1688392907,1.7379,-0.5564,-0.4145
1688392907,1.739,-0.5562,-0.4154
1688392907,1.7531,-0.5622,-0.4162
1688392907,1.7625,-0.5659,-0.4188
1688392907,1.774,-0.5701,-0.42
1688392907,1.7844,-0.5745,-0.4209
1688392907,1.7903,-0.5765,-0.421
1688392907,1.7996,-0.5808,-0.4215
1688392908,1.8092,-0.5843,-0.4231
1688392908,1.8179,-0.5877,-0.4248
1688392908,1.8345,-0.5945,-0.427
1688392908,1.8468,-0.5983,-0.4282
1688392908,1.854,-0.6014,-0.4288
1688392908,1.867,-0.6053,-0.4295
1688392908,1.873,-0.6081,-0.4302
1688392908,1.8817,-0.6112,-0.4317
1688392908,1.8881,-0.6142,-0.4322
1688392909,1.8974,-0.6184,-0.4337
1688392909,1.9038,-0.6212,-0.4359
1688392909,1.9129,-0.6249,-0.4372
1688392909,1.9191,-0.6277,-0.4383
1688392909,1.9378,-0.6362,-0.4388
1688392909,1.947,-0.6397,-0.4388
1688392909,1.9517,-0.6413,-0.4388
1688392909,1.9624,-0.6459,-0.4384
1688392909,1.9725,-0.6501,-0.4385
1688392909,1.9709,-0.6493,-0.4387
1688392910,1.9867,-0.6557,-0.4394
1688392910,2.0045,-0.6635,-0.4403
1688392910,2.0086,-0.664,-0.4409
1688392910,2.0175,-0.6679,-0.4414
1688392910,2.0193,-0.6683,-0.4414
1688392910,2.0335,-0.6748,-0.4413
1688392910,2.0431,-0.6786,-0.4414
1688392910,2.0542,-0.6821,-0.4418
1688392910,2.063,-0.6861,-0.4416
1688392910,2.0696,-0.6885,-0.4419
1688392911,2.0804,-0.6923,-0.4427
1688392911,2.0952,-0.699,-0.4433
1688392911,2.0969,-0.6993,-0.4441
1688392911,2.1123,-0.7061,-0.4447
1688392911,2.1137,-0.7066,-0.4446
1688392911,2.1295,-0.7131,-0.4443
1688392911,2.1301,-0.7133,-0.4441
1688392911,2.1453,-0.7198,-0.443
1688392911,2.1627,-0.7277,-0.442
1688392911,2.1655,-0.7278,-0.4411
1688392912,2.1738,-0.7315,-0.4406
1688392912,2.1793,-0.7325,-0.4389
1688392912,2.1884,-0.7366,-0.4384
1688392912,2.1977,-0.738,-0.4372
1688392912,2.2044,-0.7407,-0.4365
1688392912,2.2222,-0.7486,-0.4363
1688392912,2.2292,-0.7515,-0.4362
1688392912,2.241,-0.7556,-0.4354
1688392912,2.2458,-0.7575,-0.4347
1688392912,2.2554,-0.7607,-0.4331
1688392912,2.2648,-0.7647,-0.4324
1688392913,2.2641,-0.7638,-0.431
1688392913,2.2809,-0.7706,-0.428
1688392913,2.2962,-0.7765,-0.4267
1688392913,2.2967,-0.7764,-0.426
1688392913,2.3147,-0.784,-0.4236
1688392913,2.3234,-0.7873,-0.4236
1688392913,2.3381,-0.7932,-0.4215
1688392913,2.3402,-0.7942,-0.4194
1688392913,2.3513,-0.798,-0.4178
1688392913,2.3516,-0.7979,-0.4164
1688392914,2.3669,-0.8036,-0.412
1688392914,2.3755,-0.807,-0.4087
1688392914,2.3722,-0.805,-0.4063
1688392914,2.3878,-0.811,-0.4017
1688392914,2.3885,-0.8109,-0.4003
1688392914,2.4018,-0.8145,-0.3971
1688392914,2.4081,-0.8157,-0.3941
1688392914,2.4173,-0.8187,-0.3921
1688392914,2.4273,-0.8221,-0.3908
1688392914,2.4251,-0.8207,-0.389
1688392915,2.4425,-0.8275,-0.3864
1688392915,2.4488,-0.8285,-0.3793
1688392915,2.4657,-0.8338,-0.3733
1688392915,2.4685,-0.8338,-0.3707
1688392915,2.4853,-0.8389,-0.3667
1688392915,2.4906,-0.8403,-0.3618
1688392915,2.4908,-0.8401,-0.3603
1688392915,2.5094,-0.8454,-0.3548
1688392915,2.517,-0.8476,-0.352
1688392916,2.5361,-0.8534,-0.3467
1688392916,2.5349,-0.8526,-0.3448
1688392916,2.5535,-0.8555,-0.3385
1688392916,2.5534,-0.8549,-0.3346
1688392916,2.5624,-0.8555,-0.327
1688392916,2.5795,-0.8611,-0.3211
1688392916,2.5817,-0.8599,-0.3166
1688392916,2.5997,-0.8652,-0.3118
1688392916,2.6061,-0.8654,-0.3066
1688392916,2.624,-0.87,-0.3025
1688392917,2.6252,-0.87,-0.2975
1688392917,2.6412,-0.8747,-0.294
1688392917,2.6418,-0.8739,-0.2902
1688392917,2.6575,-0.878,-0.2856
1688392917,2.6687,-0.8795,-0.2803
1688392917,2.6747,-0.8808,-0.2765
1688392917,2.6866,-0.8834,-0.2737
1688392917,2.6924,-0.8845,-0.27
1688392917,2.7117,-0.8878,-0.2673
1688392917,2.7094,-0.8866,-0.2645
1688392918,2.73,-0.8913,-0.2614
1688392918,2.7364,-0.8923,-0.2582
1688392918,2.7496,-0.8924,-0.2545
1688392918,2.7568,-0.8938,-0.2522
1688392918,2.7577,-0.8936,-0.251
1688392918,2.7762,-0.8976,-0.2464
1688392918,2.776,-0.8974,-0.243
1688392918,2.8003,-0.9028,-0.2363
1688392918,2.8031,-0.9024,-0.2336
1688392918,2.8205,-0.9061,-0.2281
1688392919,2.8183,-0.9043,-0.225
1688392919,2.8346,-0.9075,-0.2172
1688392919,2.8453,-0.9087,-0.2134
1688392919,2.8414,-0.9074,-0.2111
1688392919,2.8429,-0.9073,-0.2072
1688392919,2.8717,-0.9111,-0.1975
1688392919,2.8696,-0.9103,-0.1935
1688392919,2.888,-0.9135,-0.1849
1688392919,2.897,-0.9147,-0.1789
1688392919,2.9106,-0.9158,-0.1699
1688392919,2.9124,-0.9157,-0.1668
1688392920,2.9218,-0.9167,-0.1582
1688392920,2.94,-0.9195,-0.1518
1688392920,2.9537,-0.9197,-0.1468
1688392920,2.9525,-0.9186,-0.1417
1688392920,2.9586,-0.9188,-0.1387
1688392920,2.9695,-0.9194,-0.1327
1688392920,2.9763,-0.9173,-0.1279
1688392920,2.9936,-0.919,-0.1222
1688392920,2.9929,-0.9171,-0.118
1688392921,2.9998,-0.9159,-0.1113
1688392921,3.0191,-0.9172,-0.1065
1688392921,3.0192,-0.9172,-0.1052
1688392921,3.0339,-0.9164,-0.1008
1688392921,3.0448,-0.9171,-0.0991
1688392921,3.0599,-0.9161,-0.0952
1688392921,3.0629,-0.9156,-0.091
1688392921,3.0632,-0.9132,-0.0888
1688392921,3.0816,-0.914,-0.0861
1688392921,3.0967,-0.9143,-0.0794
1688392922,3.0999,-0.9141,-0.0753
1688392922,3.1083,-0.9139,-0.0696
1688392922,3.1268,-0.9149,-0.0652
1688392922,3.1317,-0.9118,-0.0571
1688392922,3.1428,-0.9122,-0.0539
1688392922,3.1531,-0.9099,-0.05
1688392922,3.1684,-0.9104,-0.048
1688392922,3.1689,-0.909,-0.0451
1688392922,3.1854,-0.9091,-0.0421
1688392922,3.1945,-0.9067,-0.0405
1688392923,3.2041,-0.9068,-0.0394
1688392923,3.2167,-0.9059,-0.0377
1688392923,3.2151,-0.9053,-0.0364
1688392923,3.2359,-0.904,-0.0344
1688392923,3.2323,-0.9031,-0.0319
1688392923,3.2515,-0.9033,-0.029
1688392923,3.251,-0.9027,-0.0268
1688392923,3.2711,-0.8992,-0.0232
1688392923,3.2785,-0.899,-0.0212
1688392923,3.2985,-0.8987,-0.0188
1688392924,3.3053,-0.8984,-0.0167
1688392924,3.3157,-0.897,-0.0149
1688392924,3.317,-0.8968,-0.013
1688392924,3.3341,-0.8953,-0.011
1688392924,3.3444,-0.895,-0.0095
1688392924,3.3506,-0.8942,-0.0073
1688392924,3.3613,-0.8937,-0.0048
1688392924,3.3767,-0.8929,-0.0014
1688392924,3.3782,-0.8924,0.0014
1688392924,3.3944,-0.8922,0.004
1688392925,3.3958,-0.892,0.0073
1688392925,3.4129,-0.8917,0.0093
1688392925,3.4125,-0.8905,0.0112
1688392925,3.4303,-0.8901,0.0123
1688392925,3.4385,-0.8888,0.0138
1688392925,3.4474,-0.8885,0.0141
1688392925,3.4558,-0.886,0.0147
1688392925,3.4624,-0.8859,0.015
1688392925,3.4762,-0.8826,0.016
1688392925,3.4925,-0.881,0.0164
1688392926,3.494,-0.8808,0.0167
1688392926,3.5128,-0.8804,0.0176
1688392926,3.5191,-0.8796,0.0182
1688392926,3.5296,-0.8789,0.0188
1688392926,3.5389,-0.8784,0.0192
1688392926,3.5448,-0.8782,0.0195
1688392926,3.567,-0.8764,0.0209
1688392926,3.5749,-0.8753,0.0224
1688392926,3.5859,-0.8749,0.0244
1688392926,3.5933,-0.8741,0.0264
1688392926,3.5939,-0.8738,0.0284
1688392927,3.6102,-0.8729,0.0338
1688392927,3.613,-0.8718,0.0381
1688392927,3.6202,-0.8711,0.0424
1688392927,3.638,-0.869,0.0536
1688392927,3.6396,-0.8687,0.0566
1688392927,3.6585,-0.8674,0.0604
1688392927,3.6662,-0.8639,0.0689
1688392927,3.6805,-0.8605,0.0738
1688392927,3.689,-0.8593,0.0797
1688392928,3.6946,-0.857,0.0831
1688392928,3.7044,-0.8561,0.0862
1688392928,3.7129,-0.8545,0.0877
1688392928,3.7193,-0.8536,0.0894
1688392928,3.7291,-0.8527,0.0907
1688392928,3.7274,-0.8517,0.0926
1688392928,3.7403,-0.8483,0.0943
1688392928,3.7585,-0.8466,0.0949
1688392928,3.7573,-0.8455,0.0972
1688392928,3.774,-0.8435,0.0977
1688392928,3.7749,-0.8431,0.0993
1688392929,3.7834,-0.8412,0.1009
1688392929,3.7922,-0.8398,0.1022
1688392929,3.8108,-0.8368,0.1052
1688392929,3.8205,-0.8352,0.1059
1688392929,3.8337,-0.8289,0.106
1688392929,3.835,-0.8284,0.1063
1688392929,3.8523,-0.8262,0.1071
1688392929,3.8513,-0.826,0.1082
1688392929,3.8694,-0.8224,0.1114
1688392930,3.8812,-0.8202,0.1131
1688392930,3.8878,-0.8187,0.1146
1688392930,3.8991,-0.8173,0.116
1688392930,3.9148,-0.8149,0.117
1688392930,3.916,-0.8145,0.1173
1688392930,3.9241,-0.8131,0.1183
1688392930,3.9361,-0.807,0.1206
1688392930,3.9532,-0.8045,0.1227
1688392930,3.9644,-0.8025,0.1243
1688392930,3.9721,-0.8004,0.1265
1688392931,3.9839,-0.7986,0.1278
1688392931,3.9989,-0.7953,0.1306
1688392931,4.0,-0.7946,0.1328
1688392931,4.0178,-0.7919,0.1344
1688392931,4.0199,-0.791,0.1378
1688392931,4.038,-0.7873,0.1432
1688392931,4.0385,-0.787,0.1451
1688392931,4.0657,-0.7819,0.1536
1688392931,4.0628,-0.7816,0.1582
1688392931,4.0822,-0.7772,0.161
1688392932,4.0843,-0.7765,0.1641
1688392932,4.091,-0.7743,0.1669
1688392932,4.0927,-0.7738,0.1684
1688392932,4.1114,-0.7703,0.1713
1688392932,4.1108,-0.7688,0.1757
1688392932,4.1333,-0.7636,0.1851
1688392932,4.1326,-0.7634,0.1892
1688392932,4.148,-0.7598,0.1932
1688392932,4.1566,-0.7576,0.1994
1688392932,4.1714,-0.7536,0.2053
1688392933,4.171,-0.7534,0.2072
1688392933,4.1763,-0.7507,0.214
1688392933,4.1913,-0.747,0.2193
1688392933,4.1901,-0.747,0.2203
1688392933,4.2081,-0.7425,0.2272
1688392933,4.2081,-0.7422,0.2311
1688392933,4.2112,-0.7401,0.2372
1688392933,4.228,-0.7351,0.2445
1688392933,4.2371,-0.7323,0.2486
1688392933,4.2521,-0.7284,0.2527
1688392934,4.252,-0.7274,0.2586
1688392934,4.2589,-0.7255,0.2632
1688392934,4.256,-0.7259,0.2668
1688392934,4.2814,-0.7182,0.2791
1688392934,4.2826,-0.7177,0.2839
1688392934,4.2963,-0.713,0.2896
1688392934,4.2982,-0.7123,0.2939
1688392934,4.3043,-0.7099,0.303
1688392934,4.32,-0.7043,0.3119
1688392934,4.3212,-0.703,0.3163
1688392935,4.323,-0.7023,0.32
1688392935,4.3473,-0.6929,0.3321
1688392935,4.3469,-0.6929,0.3362
1688392935,4.3529,-0.6902,0.3456
1688392935,4.3646,-0.685,0.3527
1688392935,4.3675,-0.6837,0.3586
1688392935,4.3723,-0.6807,0.374
1688392935,4.3902,-0.6731,0.3819
1688392935,4.3943,-0.6713,0.3853
1688392935,4.401,-0.668,0.3925
1688392936,4.4119,-0.6633,0.402
1688392936,4.4166,-0.6611,0.4047
1688392936,4.4242,-0.6571,0.4138
1688392936,4.4253,-0.6565,0.4193
1688392936,4.4447,-0.6467,0.4295
1688392936,4.4436,-0.647,0.4377
1688392936,4.4612,-0.6385,0.4469
1688392936,4.4659,-0.6361,0.4541
1688392936,4.4691,-0.6344,0.4623
1688392936,4.479,-0.629,0.4691
1688392937,4.4839,-0.6261,0.4724
1688392937,4.4915,-0.622,0.4811
1688392937,4.4962,-0.6194,0.4852
1688392937,4.5105,-0.6109,0.4936
1688392937,4.5114,-0.6103,0.4972
1688392937,4.5273,-0.6014,0.5061
1688392937,4.5326,-0.5982,0.5127
1688392937,4.5385,-0.5943,0.5199
1688392937,4.5479,-0.5889,0.5243
1688392937,4.5544,-0.5842,0.5295
1688392938,4.5601,-0.5802,0.5426
1688392938,4.5736,-0.5715,0.5521
1688392938,4.5736,-0.5706,0.5567
1688392938,4.5807,-0.5661,0.5622
1688392938,4.5938,-0.557,0.5737
1688392938,4.5898,-0.5586,0.5785
1688392938,4.5979,-0.5526,0.5873
1688392938,4.6102,-0.544,0.5904
1688392938,4.6176,-0.5384,0.5989
1688392938,4.6218,-0.5341,0.6037
1688392939,4.6282,-0.5284,0.6148
1688392939,4.6329,-0.5247,0.618
1688392939,4.6472,-0.5143,0.6224
1688392939,4.6485,-0.5127,0.6322
1688392939,4.6558,-0.507,0.638
1688392939,4.67,-0.4949,0.6432
1688392939,4.6698,-0.4938,0.6489
1688392939,4.6753,-0.489,0.6612
1688392939,4.6932,-0.4739,0.6681
1688392939,4.6939,-0.4728,0.6715
1688392939,4.6927,-0.4734,0.6761
1688392940,4.7126,-0.4552,0.6846
1688392940,4.7136,-0.4542,0.6883
1688392940,4.7262,-0.4419,0.6973
1688392940,4.731,-0.4369,0.7045
1688392940,4.729,-0.4369,0.7088
1688392940,4.7471,-0.4194,0.7197
1688392940,4.7465,-0.4185,0.7234
1688392940,4.7523,-0.4127,0.7306
1688392940,4.7651,-0.3998,0.7393
1688392941,4.7655,-0.3987,0.746
1688392941,4.7681,-0.3939,0.7497
1688392941,4.7755,-0.3868,0.7579
1688392941,4.7859,-0.374,0.7673
1688392941,4.7875,-0.372,0.7707
1688392941,4.8003,-0.3587,0.7778
1688392941,4.8031,-0.3553,0.7869
1688392941,4.8106,-0.3474,0.7928
1688392941,4.8174,-0.34,0.7967
1688392941,4.8202,-0.3356,0.8052
1688392942,4.8321,-0.3225,0.8129
1688392942,4.8316,-0.3223,0.8162
1688392942,4.8362,-0.3168,0.8235
1688392942,4.8488,-0.3017,0.8312
1688392942,4.8518,-0.2967,0.8385
1688392942,4.8579,-0.2883,0.8415
1688392942,4.8626,-0.281,0.8489
1688392942,4.8596,-0.2836,0.8528
1688392942,4.8757,-0.2629,0.8614
1688392942,4.8726,-0.2609,0.8686
1688392943,4.8723,-0.2609,0.8722
1688392943,4.8875,-0.2395,0.8823
1688392943,4.8857,-0.2411,0.8857
1688392943,4.897,-0.2264,0.8916
1688392943,4.8973,-0.2256,0.8939
1688392943,4.9066,-0.212,0.9013
1688392943,4.9132,-0.2031,0.9041
1688392943,4.9186,-0.1959,0.91
1688392943,4.9226,-0.1889,0.9131
1688392943,4.9315,-0.1756,0.9198
1688392944,4.9378,-0.1659,0.9247
1688392944,4.9358,-0.1677,0.9276
1688392944,4.9468,-0.1525,0.9351
1688392944,4.9464,-0.1526,0.9384
1688392944,4.951,-0.1461,0.941
1688392944,4.9609,-0.1326,0.948
1688392944,4.9602,-0.1329,0.9505
1688392944,4.9666,-0.1228,0.9549
1688392944,4.9684,-0.1183,0.9596
1688392944,4.9731,-0.1105,0.9654
1688392945,4.9743,-0.105,0.9688
1688392945,4.9791,-0.0978,0.9727
1688392945,4.9849,-0.0865,0.9799
1688392945,4.9834,-0.0883,0.9821
1688392945,4.9929,-0.0723,0.9868
1688392945,5.0026,-0.0562,0.992
1688392945,5.0009,-0.0583,0.9951
1688392945,5.0063,-0.0491,1.0006
1688392945,5.0097,-0.0422,1.0028
1688392945,5.0131,-0.0364,1.0041
1688392945,5.0138,-0.0348,1.0056
1688392946,5.0218,-0.0201,1.011
1688392946,5.0305,-0.0057,1.0152
1688392946,5.0341,0.002,1.0174
1688392946,5.0376,0.0094,1.0198
1688392946,5.0411,0.0162,1.0219
1688392946,5.0408,0.0162,1.023
1688392946,5.0468,0.0295,1.0267
1688392946,5.0516,0.0397,1.0292
1688392946,5.0556,0.0474,1.032
1688392946,5.0583,0.0526,1.0357
1688392947,5.0667,0.068,1.0452
1688392947,5.065,0.0673,1.0473
1688392947,5.0737,0.0831,1.0502
1688392947,5.0785,0.0921,1.0558
1688392947,5.0832,0.1007,1.06
1688392947,5.0853,0.1055,1.0652
1688392947,5.0953,0.1237,1.0671
1688392947,5.0935,0.1209,1.0686
1688392947,5.0988,0.1326,1.0717
1688392948,5.0966,0.1303,1.0737
1688392948,5.0994,0.1396,1.0776
1688392948,5.0984,0.142,1.0796
1688392948,5.1025,0.15,1.0811
1688392948,5.1066,0.1585,1.082
1688392948,5.1101,0.1658,1.0837
1688392948,5.1141,0.1741,1.0844
1688392948,5.1166,0.185,1.0845
1688392948,5.1167,0.1859,1.0848
1688392948,5.1225,0.201,1.0864
1688392949,5.1266,0.2098,1.0882
1688392949,5.1308,0.218,1.0889
1688392949,5.1298,0.2184,1.0908
1688392949,5.1377,0.2341,1.0919
1688392949,5.1374,0.2351,1.0933
1688392949,5.1369,0.2357,1.0938
1688392949,5.1454,0.2539,1.0961
1688392949,5.1523,0.2686,1.0967
1688392949,5.1555,0.2763,1.0974
1688392949,5.1601,0.2883,1.0974
1688392949,5.1593,0.2878,1.0972
1688392950,5.1661,0.3013,1.0977
1688392950,5.1652,0.3035,1.0982
1688392950,5.1732,0.3206,1.0999
1688392950,5.1797,0.3342,1.1008
1688392950,5.177,0.3348,1.101
1688392950,5.1859,0.3525,1.1011
1688392950,5.1895,0.3618,1.1025
1688392950,5.192,0.3667,1.1029
1688392950,5.192,0.3677,1.1034
1688392951,5.1993,0.384,1.1034
1688392951,5.2071,0.4004,1.1036
1688392951,5.2066,0.4009,1.1038
1688392951,5.2151,0.4192,1.1043
1688392951,5.2146,0.4186,1.1047
1688392951,5.2185,0.4275,1.1049
1688392951,5.222,0.4359,1.1052
1688392951,5.229,0.4519,1.1047
1688392951,5.2319,0.4584,1.1045
1688392951,5.2324,0.4601,1.1044
1688392951,5.2387,0.4751,1.1046
1688392952,5.2384,0.4753,1.1045
1688392952,5.2505,0.5017,1.105
1688392952,5.2495,0.5003,1.1047
1688392952,5.2527,0.5083,1.1045
1688392952,5.2566,0.5165,1.1037
1688392952,5.2635,0.5346,1.1001
1688392952,5.2664,0.5422,1.098
1688392952,5.2663,0.543,1.0951
1688392952,5.2743,0.5599,1.0916
1688392952,5.2742,0.5604,1.0881
1688392953,5.2856,0.5828,1.0795
1688392953,5.2851,0.5839,1.0747
1688392953,5.2897,0.5936,1.069
1688392953,5.2949,0.6037,1.0649
1688392953,5.2989,0.6112,1.0559
1688392953,5.3037,0.6195,1.0486
1688392953,5.3115,0.6331,1.0427
1688392953,5.3117,0.6337,1.0315
1688392953,5.3156,0.6403,1.0253
1688392954,5.3227,0.6531,1.0188
1688392954,5.3228,0.6535,1.0151
1688392954,5.3258,0.6594,1.0051
1688392954,5.331,0.6679,1.0029
1688392954,5.3325,0.6717,0.9933
1688392954,5.3406,0.6854,0.9877
1688392954,5.3434,0.6902,0.985
1688392954,5.3445,0.6921,0.9804
1688392954,5.3521,0.7049,0.9706
1688392954,5.3563,0.712,0.9603
1688392955,5.3559,0.7118,0.9565
1688392955,5.3663,0.7273,0.9478
1688392955,5.3696,0.7327,0.9427
1688392955,5.3742,0.7397,0.9342
1688392955,5.383,0.7521,0.9302
1688392955,5.388,0.7593,0.917
1688392955,5.3875,0.759,0.9123
1688392955,5.3994,0.7758,0.9025
1688392955,5.4032,0.7818,0.8942
1688392955,5.4075,0.7873,0.8848
1688392956,5.4196,0.8031,0.8772
1688392956,5.4177,0.8012,0.8723
1688392956,5.4219,0.8067,0.8604
1688392956,5.4349,0.8221,0.8559
1688392956,5.4404,0.8285,0.8462
1688392956,5.4394,0.8274,0.8381
1688392956,5.4507,0.8419,0.8208
1688392956,5.4556,0.8479,0.8131
1688392956,5.4617,0.8547,0.8061
1688392956,5.4655,0.8587,0.7969
1688392957,5.4729,0.8673,0.7892
1688392957,5.478,0.8728,0.78
1688392957,5.49,0.8853,0.7748
1688392957,5.4955,0.8907,0.7621
1688392957,5.4967,0.8925,0.7498
1688392957,5.4972,0.8934,0.7477
1688392957,5.5022,0.8983,0.7452
1688392957,5.5035,0.8997,0.7459
1688392957,5.5009,0.8978,0.748
1688392957,5.4999,0.8981,0.7512
1688392958,5.4996,0.8981,0.7525
1688392958,5.5049,0.9042,0.755
1688392958,5.5042,0.9038,0.7574
1688392958,5.5021,0.9024,0.7616
1688392958,5.5016,0.902,0.7703
1688392958,5.5014,0.9018,0.781
1688392958,5.5014,0.9018,0.7945
1688392958,5.5011,0.9016,0.8085
1688392958,5.507,0.9083,0.8202
1688392958,5.5002,0.9016,0.826
1688392959,5.4998,0.901,0.8417
1688392959,5.506,0.9083,0.849
1688392959,5.4994,0.9014,0.8578
1688392959,5.5052,0.909,0.878
1688392959,5.4987,0.9016,0.8886
1688392959,5.4983,0.9017,0.8974
1688392959,5.5042,0.9095,0.91
1688392959,5.4983,0.9016,0.9195
1688392959,5.5038,0.9097,0.9379
1688392959,5.498,0.9032,0.9511
1688392960,5.4974,0.903,0.9673
1688392960,5.4972,0.903,0.9762
1688392960,5.497,0.9029,0.9951
1688392960,5.4967,0.9027,1.015
1688392960,5.4964,0.9023,1.0288
1688392960,5.4957,0.9016,1.039
1688392960,5.4955,0.9014,1.0508
1688392960,5.4945,0.9002,1.0652
1688392960,5.494,0.8998,1.0773
1688392960,5.4931,0.8989,1.0919
1688392961,5.4928,0.8987,1.1043
1688392961,5.4928,0.8987,1.1131
1688392961,5.4925,0.8984,1.1185
1688392961,5.4917,0.8978,1.1409
1688392961,5.4905,0.8967,1.1523
1688392961,5.4882,0.8942,1.1684
1688392961,5.4876,0.8939,1.1798
1688392961,5.4883,0.9072,1.2134
1688392961,5.4903,0.9158,1.2189
1688392961,5.4855,0.9203,1.2388
1688392962,5.4874,0.9273,1.2454
1688392962,5.4889,0.944,1.2646
1688392962,5.4876,0.9431,1.2759
1688392962,5.4912,0.9581,1.2953
1688392962,5.4902,0.9665,1.3078
1688392962,5.4879,0.9684,1.3194
1688392962,5.4898,0.9788,1.3413
1688392962,5.4901,0.9852,1.3532
1688392962,5.4902,0.993,1.3629
1688392962,5.4904,0.9996,1.3811
1688392963,5.4897,1.007,1.3926
1688392963,5.4862,1.0106,1.4004
1688392963,5.4878,1.0205,1.4125
1688392963,5.4853,1.024,1.4259
1688392963,5.4826,1.0236,1.4392
1688392963,5.4803,1.0295,1.4528
1688392963,5.479,1.0384,1.4693
1688392963,5.4806,1.0542,1.4766
1688392963,5.4779,1.0611,1.4904
1688392963,5.4765,1.0715,1.5065
1688392964,5.4689,1.0707,1.5201
1688392964,5.4652,1.0883,1.5295
1688392964,5.4655,1.0995,1.5398
1688392964,5.4623,1.1051,1.5534
1688392964,5.4603,1.1116,1.5641
1688392964,5.4598,1.1209,1.5761
1688392964,5.458,1.1316,1.5885
1688392964,5.4572,1.1383,1.5977
1688392964,5.4538,1.1475,1.6082
1688392964,5.4522,1.1537,1.6156
1688392965,5.45,1.1632,1.62
1688392965,5.447,1.1794,1.6341
1688392965,5.4469,1.1795,1.6439
1688392965,5.4447,1.1854,1.6562
1688392965,5.4404,1.2047,1.6627
1688392965,5.4386,1.2106,1.6714
1688392965,5.4362,1.2214,1.6826
1688392965,5.4342,1.2374,1.7004
1688392965,5.4331,1.245,1.7119
1688392965,5.4327,1.242,1.7176
1688392966,5.4304,1.2503,1.7233
1688392966,5.4262,1.2596,1.743
1688392966,5.4227,1.2638,1.7483
1688392966,5.4206,1.2666,1.7625
1688392966,5.4184,1.2739,1.7719
1688392966,5.4158,1.2841,1.7782
1688392966,5.4137,1.2909,1.7851
1688392966,5.4101,1.295,1.8006
1688392966,5.4104,1.2935,1.8049
1688392966,5.4035,1.3166,1.8254
1688392967,5.4003,1.319,1.8345
1688392967,5.4003,1.319,1.8396
1688392967,5.397,1.3268,1.844
1688392967,5.3903,1.3426,1.8576
1688392967,5.3875,1.3465,1.8602
1688392967,5.387,1.3453,1.8652
1688392967,5.3798,1.3617,1.876
1688392967,5.3766,1.369,1.883
1688392967,5.3714,1.3712,1.8904
1688392967,5.3656,1.3872,1.8973
1688392967,5.3651,1.3854,1.9045
1688392968,5.361,1.394,1.912
1688392968,5.3581,1.4005,1.9186
1688392968,5.3501,1.4136,1.9319
1688392968,5.3469,1.4191,1.9426
1688392968,5.342,1.4254,1.9516
1688392968,5.3424,1.4227,1.9544
1688392968,5.3342,1.4356,1.9587
1688392968,5.3295,1.4422,1.9744
1688392968,5.3223,1.4549,1.9801
1688392968,5.322,1.4543,1.9873
1688392969,5.3183,1.4612,1.9931
1688392969,5.3081,1.4741,2.0079
1688392969,5.3047,1.4795,2.0139
1688392969,5.3,1.4872,2.0227
1688392969,5.2989,1.4877,2.0276
1688392969,5.2867,1.5083,2.0441
1688392969,5.2853,1.5095,2.0529
1688392969,5.2808,1.516,2.066
1688392969,5.2722,1.5306,2.0724
1688392970,5.267,1.5366,2.0875
1688392970,5.2653,1.5364,2.0939
1688392970,5.2567,1.5491,2.1045
1688392970,5.255,1.5519,2.1104
1688392970,5.2452,1.5655,2.1208
1688392970,5.2406,1.5712,2.1249
1688392970,5.2361,1.5776,2.1297
1688392970,5.2309,1.5805,2.1403
1688392970,5.2249,1.5897,2.1433
1688392970,5.22,1.5967,2.1482
1688392971,5.215,1.6011,2.1602
1688392971,5.2043,1.6162,2.1643
1688392971,5.2031,1.6154,2.1686
1688392971,5.1974,1.6231,2.175
1688392971,5.1882,1.6351,2.1818
1688392971,5.1872,1.6356,2.1874
1688392971,5.1721,1.655,2.197
1688392971,5.1704,1.6551,2.2001
1688392971,5.1593,1.67,2.2047
1688392971,5.1586,1.6704,2.2096
1688392971,5.1534,1.6763,2.2127
1688392972,5.1425,1.6896,2.2203
1688392972,5.1378,1.6949,2.2216
1688392972,5.1319,1.7015,2.2233
1688392972,5.1312,1.7019,2.2265
1688392972,5.1199,1.7156,2.2297
1688392972,5.1136,1.723,2.232
1688392972,5.1085,1.7287,2.2333
1688392972,5.0962,1.7436,2.2364
1688392972,5.0954,1.7446,2.2371
1688392973,5.0841,1.7577,2.2396
1688392973,5.0802,1.7622,2.2405
1688392973,5.0736,1.7705,2.2424
1688392973,5.0685,1.7767,2.2425
1688392973,5.0614,1.7842,2.243
1688392973,5.0566,1.79,2.2431
1688392973,5.0489,1.7993,2.2433
1688392973,5.0514,1.7961,2.2437
1688392973,5.0394,1.8108,2.2439
1688392973,5.0297,1.8226,2.2429
1688392974,5.029,1.8227,2.242
1688392974,5.0228,1.8305,2.2405
1688392974,5.0136,1.8419,2.2407
1688392974,5.0079,1.8489,2.2399
1688392974,5.0012,1.8568,2.2386
1688392974,4.9951,1.8642,2.2381
1688392974,4.9895,1.8709,2.237
1688392974,4.9827,1.8789,2.2349
1688392974,4.9787,1.8837,2.2318
1688392974,4.9723,1.8919,2.228
1688392974,4.9623,1.9045,2.223
1688392975,4.9615,1.9056,2.2176
1688392975,4.9558,1.9116,2.2112
1688392975,4.9468,1.9233,2.2051
1688392975,4.941,1.931,2.1913
1688392975,4.9305,1.9456,2.1869
1688392975,4.9303,1.9455,2.1797
1688392975,4.9255,1.9526,2.1699
1688392975,4.9224,1.9578,2.1555
1688392975,4.9121,1.9733,2.1471
1688392976,4.9078,1.9803,2.1395
1688392976,4.9093,1.9788,2.1317
1688392976,4.902,1.9932,2.111
1688392976,4.8974,2.0007,2.1042
1688392976,4.8957,2.0058,2.0939
1688392976,4.8908,2.0149,2.0844
1688392976,4.886,2.0236,2.0807
1688392976,4.8824,2.0314,2.0758
1688392976,4.8809,2.0376,2.0647
1688392976,4.8762,2.0471,2.0616
1688392977,4.8684,2.0625,2.0504
1688392977,4.8646,2.0707,2.0424
1688392977,4.8649,2.0707,2.0358
1688392977,4.8596,2.0854,2.0276
1688392977,4.8556,2.0943,2.0175
1688392977,4.8528,2.1042,2.0054
1688392977,4.8453,2.1211,1.9961
1688392977,4.8468,2.1195,1.9909
1688392977,4.8441,2.1289,1.9782
1688392977,4.8366,2.1477,1.9675
1688392977,4.8337,2.155,1.9619
1688392978,4.8319,2.1613,1.9506
1688392978,4.8288,2.1706,1.942
1688392978,4.8265,2.1782,1.9351
1688392978,4.8247,2.1857,1.9218
1688392978,4.8226,2.1952,1.9184
1688392978,4.8168,2.2126,1.909
1688392978,4.8179,2.2118,1.9025
1688392978,4.8152,2.2211,1.8953
1688392978,4.8097,2.2397,1.8805
1688392979,4.8101,2.2395,1.8714
1688392979,4.8069,2.2582,1.8586
1688392979,4.804,2.2682,1.8531
1688392979,4.8021,2.2757,1.8454
1688392979,4.8018,2.2832,1.8327
1688392979,4.8018,2.2845,1.8279
1688392979,4.7983,2.299,1.8135
1688392979,4.7968,2.3093,1.8036
1688392979,4.7935,2.3244,1.8011
1688392979,4.7928,2.3271,1.797
1688392980,4.7925,2.3343,1.7868
1688392980,4.7887,2.3517,1.7813
1688392980,4.7873,2.3599,1.7755
1688392980,4.7861,2.3693,1.7505
1688392980,4.7834,2.3854,1.7488
1688392980,4.7838,2.3853,1.7447
1688392980,4.7827,2.3946,1.7372
1688392980,4.7813,2.4066,1.7273
1688392980,4.7796,2.4271,1.71
1688392980,4.7785,2.4364,1.7058
1688392980,4.7786,2.4476,1.7026
1688392981,4.7778,2.4547,1.6974
1688392981,4.7766,2.4648,1.6935
1688392981,4.7767,2.4698,1.6899
1688392981,4.7762,2.4783,1.6839
1688392981,4.7754,2.4884,1.6801
1688392981,4.7757,2.4956,1.6708
1688392981,4.774,2.512,1.6675
1688392981,4.7737,2.52,1.6617
1688392981,4.7729,2.5286,1.6573
1688392982,4.773,2.5348,1.6488
1688392982,4.7731,2.5353,1.645
1688392982,4.772,2.5534,1.6383
1688392982,4.7717,2.5635,1.6315
1688392982,4.7713,2.5793,1.6205
1688392982,4.7714,2.5789,1.6153
1688392982,4.7714,2.5975,1.6081
1688392982,4.7713,2.6085,1.6057
1688392982,4.7717,2.6084,1.6026
1688392982,4.7724,2.6227,1.5913
1688392983,4.7725,2.6311,1.589
1688392983,4.7723,2.6516,1.5835
1688392983,4.7728,2.6489,1.5813
1688392983,4.773,2.6508,1.5788
1688392983,4.7727,2.6669,1.5747
1688392983,4.773,2.6784,1.5668
1688392983,4.7733,2.6945,1.5609
1688392983,4.7733,2.6966,1.5583
1688392983,4.7736,2.7036,1.5548
1688392983,4.7742,2.7224,1.5442
1688392984,4.7746,2.7366,1.5345
1688392984,4.7746,2.7372,1.5324
1688392984,4.7753,2.7574,1.5277
1688392984,4.7757,2.7647,1.5236
1688392984,4.7757,2.7649,1.5223
1688392984,4.7757,2.7652,1.5216
1688392984,4.7761,2.7819,1.5165
1688392984,4.7771,2.8015,1.5142
1688392984,4.7771,2.8066,1.5113
1688392984,4.7773,2.8096,1.5081
1688392984,4.7775,2.8183,1.5047
1688392985,4.7786,2.8369,1.4963
1688392985,4.7783,2.844,1.4931
1688392985,4.7792,2.8562,1.4909
1688392985,4.78,2.8734,1.4841
1688392985,4.7797,2.8716,1.4814
1688392985,4.7811,2.8899,1.4785
1688392985,4.7809,2.891,1.4752
1688392985,4.7817,2.9002,1.472
1688392985,4.7834,2.9214,1.4635
1688392986,4.7828,2.9177,1.4606
1688392986,4.7847,2.9367,1.4578
1688392986,4.7846,2.9384,1.4528
1688392986,4.7863,2.9546,1.4489
1688392986,4.7876,2.9664,1.4468
1688392986,4.7866,2.9624,1.4433
1688392986,4.7891,2.9821,1.4404
1688392986,4.7895,2.9881,1.437
1688392986,4.7915,3.0079,1.4314
1688392986,4.7913,3.009,1.426
1688392987,4.7935,3.0248,1.4197
1688392987,4.7948,3.0359,1.4167
1688392987,4.7953,3.0454,1.4143
1688392987,4.7966,3.0535,1.4114
1688392987,4.7992,3.0726,1.4066
1688392987,4.7989,3.0737,1.4034
1688392987,4.802,3.0962,1.3994
1688392987,4.8005,3.0883,1.3981
1688392987,4.804,3.1085,1.3939
1688392987,4.8054,3.1189,1.392
1688392987,4.8048,3.1169,1.3902
1688392988,4.8079,3.1352,1.382
1688392988,4.8091,3.1437,1.3728
1688392988,4.8091,3.1441,1.3671
1688392988,4.8133,3.1647,1.359
1688392988,4.8148,3.1719,1.3431
1688392988,4.817,3.1811,1.3365
1688392988,4.8203,3.1958,1.3263
1688392988,4.8204,3.1967,1.312
1688392988,4.8227,3.2073,1.2985
1688392989,4.8246,3.2143,1.2863
1688392989,4.8297,3.2325,1.2803
1688392989,4.8313,3.24,1.2763
1688392989,4.8339,3.2496,1.2704
1688392989,4.8365,3.2581,1.2664
1688392989,4.8358,3.2569,1.2609
1688392989,4.8416,3.2757,1.2544
1688392989,4.8439,3.2834,1.2472
1688392989,4.8462,3.2912,1.2454
1688392989,4.8485,3.2989,1.2441
1688392990,4.8527,3.3123,1.239
1688392990,4.8537,3.3153,1.2372
1688392990,4.8618,3.3391,1.2303
1688392990,4.8623,3.3407,1.2275
1688392990,4.8615,3.3388,1.2231
1688392990,4.8676,3.3569,1.2165
1688392990,4.8692,3.3606,1.2006
1688392990,4.8724,3.3685,1.1921
1688392990,4.8771,3.3808,1.1833
1688392990,4.8842,3.3979,1.156
1688392991,4.8866,3.4027,1.146
1688392991,4.8906,3.4091,1.1308
1688392991,4.8961,3.4199,1.1201
1688392991,4.9047,3.4341,1.0962
1688392991,4.9083,3.4402,1.0859
1688392991,4.9099,3.4425,1.0786
1688392991,4.9158,3.4496,1.0749
1688392991,4.9252,3.4651,1.0647
1688392991,4.931,3.4734,1.0577
1688392991,4.9356,3.4787,1.0465
1688392992,4.9412,3.4886,1.04
1688392992,4.9449,3.4944,1.0357
1688392992,4.9498,3.5011,1.0217
1688392992,4.9616,3.5185,1.0123
1688392992,4.963,3.5193,1.0147
1688392992,4.9673,3.5257,1.0143
1688392992,4.9729,3.534,1.0139
1688392992,4.9812,3.5459,1.0142
1688392992,4.9819,3.5467,1.014
1688392992,4.9928,3.5631,1.0136
1688392992,4.992,3.5612,1.0133
1688392993,5.0023,3.577,1.012
1688392993,5.0123,3.5931,1.0108
1688392993,5.0109,3.5906,1.01
1688392993,5.02,3.6052,1.0088
1688392993,5.0177,3.6003,1.0075
1688392993,5.0254,3.6115,1.0042
1688392993,5.0244,3.6097,1.0027
1688392993,5.0329,3.6224,1.0
1688392993,5.0312,3.6195,0.9985
1688392994,5.0395,3.6319,0.9949
1688392994,5.0446,3.6392,0.9923
1688392994,5.049,3.6457,0.9901
1688392994,5.0523,3.6507,0.9888
1688392994,5.0631,3.667,0.9851
1688392994,5.0621,3.6656,0.9807
1688392994,5.0725,3.6812,0.9791
1688392994,5.0726,3.6819,0.9756
1688392994,5.0825,3.6965,0.9735
1688392994,5.0821,3.6964,0.9704
1688392995,5.0921,3.7117,0.9645
1688392995,5.0972,3.7188,0.9612
1688392995,5.1022,3.7258,0.9576
1688392995,5.1084,3.7355,0.9518
1688392995,5.1122,3.7408,0.9465
1688392995,5.1181,3.7495,0.9447
1688392995,5.1228,3.7565,0.943
1688392995,5.1229,3.7566,0.9402
1688392995,5.1383,3.7776,0.9337
1688392995,5.1441,3.7861,0.9292
1688392995,5.1503,3.7944,0.9274
1688392996,5.1498,3.7948,0.9248
1688392996,5.1619,3.8113,0.9157
1688392996,5.1665,3.8172,0.9138
1688392996,5.178,3.8325,0.9074
1688392996,5.1757,3.83,0.9048
1688392996,5.1859,3.8435,0.9001
1688392996,5.1851,3.8423,0.8976
1688392996,5.1957,3.8561,0.8945
1688392996,5.1986,3.8602,0.8879
1688392996,5.1987,3.8603,0.8858
1688392997,5.2152,3.8816,0.8764
1688392997,5.2162,3.8831,0.8738
1688392997,5.2203,3.8882,0.871
1688392997,5.225,3.8942,0.8629
1688392997,5.2303,3.9007,0.8564
1688392997,5.2418,3.9142,0.8499
1688392997,5.2403,3.913,0.8463
1688392997,5.2528,3.9271,0.8401
1688392997,5.2598,3.935,0.8337
1688392998,5.2714,3.9478,0.8281
1688392998,5.2701,3.9481,0.8246
1688392998,5.2814,3.9607,0.8189
1688392998,5.2885,3.9686,0.8169
1688392998,5.2876,3.9679,0.8154
1688392998,5.2992,3.9805,0.8104
1688392998,5.3056,3.9871,0.8052
1688392998,5.3067,3.9883,0.8018
1688392998,5.3177,4.0004,0.7931
1688392998,5.3239,4.0069,0.7867
1688392998,5.3304,4.0135,0.7816
1688392999,5.3379,4.0218,0.7769
1688392999,5.351,4.0352,0.7688
1688392999,5.3493,4.0335,0.7652
1688392999,5.3553,4.0394,0.7625
1688392999,5.3682,4.052,0.7555
1688392999,5.3698,4.0535,0.7532
1688392999,5.3818,4.0652,0.7456
1688392999,5.3906,4.0732,0.7403
1688392999,5.3898,4.0726,0.7336
1688392999,5.4046,4.0865,0.7274
1688393000,5.4089,4.0908,0.7128
1688393000,5.4159,4.0968,0.708
1688393000,5.4313,4.1111,0.7021
1688393000,5.4329,4.1126,0.6972
1688393000,5.4472,4.1246,0.6838
1688393000,5.4535,4.13,0.6767
1688393000,5.46,4.1358,0.6661
1688393000,5.4657,4.1404,0.6642
1688393000,5.4728,4.146,0.6595
1688393001,5.4744,4.1473,0.6563
1688393001,5.4893,4.159,0.652
1688393001,5.502,4.1687,0.6439
1688393001,5.5026,4.1692,0.6421
1688393001,5.5082,4.1741,0.6367
1688393001,5.5234,4.1854,0.6332
1688393001,5.5313,4.1914,0.6281
1688393001,5.5306,4.1911,0.6243
1688393001,5.5455,4.2027,0.6185
1688393001,5.5465,4.2035,0.6162
1688393002,5.568,4.2211,0.6105
1688393002,5.5768,4.2284,0.6068
1688393002,5.5768,4.2285,0.6053
1688393002,5.5833,4.2331,0.6031
1688393002,5.5908,4.2388,0.6003
1688393002,5.6119,4.2538,0.5946
1688393002,5.6138,4.2552,0.5915
1688393002,5.6192,4.2588,0.5901
1688393002,5.624,4.2633,0.5854
1688393002,5.6303,4.2676,0.5814
1688393003,5.6467,4.2791,0.5733
1688393003,5.6433,4.2769,0.57
1688393003,5.6575,4.2866,0.562
1688393003,5.6667,4.2926,0.559
1688393003,5.6717,4.2961,0.5536
1688393003,5.6801,4.3016,0.551
1688393003,5.6856,4.3052,0.5456
1688393003,5.6942,4.3106,0.5407
1688393003,5.7023,4.3163,0.5303
1688393003,5.707,4.3191,0.525
1688393004,5.7227,4.3281,0.5177
1688393004,5.7301,4.3327,0.51
1688393004,5.7326,4.3341,0.5037
1688393004,5.7474,4.3421,0.492
1688393004,5.7543,4.3462,0.4803
1688393004,5.7707,4.3547,0.4747
1688393004,5.7732,4.356,0.4717
1688393004,5.7804,4.3595,0.4587
1688393004,5.7801,4.3596,0.4537
1688393004,5.8042,4.3713,0.4404
1688393005,5.806,4.3726,0.4398
1688393005,5.8222,4.3805,0.4375
1688393005,5.8308,4.3846,0.4368
1688393005,5.836,4.387,0.4361
1688393005,5.8456,4.3917,0.4356
1688393005,5.8469,4.3927,0.4343
1688393005,5.8563,4.3973,0.4337
1688393005,5.861,4.4003,0.4328
1688393005,5.8652,4.4028,0.4321
1688393005,5.8808,4.4098,0.4323
1688393006,5.8793,4.4093,0.4326
1688393006,5.8769,4.4084,0.4328
1688393006,5.8762,4.4081,0.4339
1688393006,5.8756,4.4081,0.434
1688393006,5.8744,4.4079,0.4378
1688393006,5.8817,4.4116,0.4389
1688393006,5.8726,4.4076,0.4421
1688393006,5.8716,4.4073,0.4454
1688393006,5.8794,4.4118,0.4545
1688393006,5.8791,4.4118,0.4615
1688393006,5.8709,4.4076,0.4697
1688393007,5.8793,4.4124,0.4908
1688393007,5.8708,4.4081,0.5012
1688393007,5.8789,4.4131,0.5163
1688393007,5.871,4.4087,0.535
1688393007,5.8786,4.414,0.5502
1688393007,5.8787,4.4143,0.5632
1688393007,5.8699,4.4089,0.5755
1688393007,5.878,4.4146,0.5925
1688393007,5.8692,4.4094,0.611
1688393008,5.8757,4.4149,0.6322
1688393008,5.8754,4.4153,0.6388
1688393008,5.8673,4.4095,0.6518
1688393008,5.8804,4.4225,0.6937
1688393008,5.8872,4.4284,0.7215
1688393008,5.892,4.4361,0.7441
1688393008,5.8978,4.4438,0.762
1688393008,5.9072,4.4567,0.7952
1688393008,5.9138,4.4647,0.8168
1688393008,5.9096,4.4644,0.8329
1688393009,5.9189,4.4781,0.8678
1688393009,5.9238,4.4865,0.8851
1688393009,5.9297,4.4959,0.9075
1688393009,5.9332,4.5019,0.9287
1688393009,5.9413,4.5161,0.9532
1688393009,5.9454,4.5274,0.9719
1688393009,5.9446,4.5278,0.9808
1688393009,5.9503,4.5421,1.0106
1688393009,5.9503,4.5437,1.0314
1688393009,5.9552,4.5593,1.0473
1688393010,5.9544,4.5614,1.0622
1688393010,5.9613,4.576,1.0845
1688393010,5.9604,4.5782,1.1067
1688393010,5.9662,4.5933,1.1227
1688393010,5.9645,4.5957,1.1315
1688393010,5.9657,4.6031,1.1457
1688393010,5.9686,4.611,1.1585
1688393010,5.9713,4.6231,1.1698
1688393010,5.9744,4.6335,1.1845
1688393010,5.9769,4.6396,1.1907
1688393011,5.9781,4.6515,1.2005
1688393011,5.9813,4.6627,1.2096
1688393011,5.9848,4.679,1.2255
1688393011,5.9875,4.6884,1.2357
1688393011,5.9903,4.6987,1.249
1688393011,5.9887,4.6959,1.254
1688393011,5.9924,4.7156,1.2637
1688393011,5.9939,4.7259,1.2707
1688393011,5.9973,4.7416,1.2754
1688393011,5.9985,4.7506,1.2805
1688393012,6.0016,4.7671,1.2896
1688393012,6.0002,4.7691,1.297
1688393012,6.0021,4.7797,1.3029
1688393012,6.0028,4.7868,1.3076
1688393012,6.0042,4.7984,1.3102
1688393012,6.004,4.807,1.3143
1688393012,6.0059,4.8229,1.3201
1688393012,6.0059,4.8251,1.3237
1688393012,6.0076,4.8405,1.3259
1688393012,6.0074,4.8421,1.3271
1688393013,6.0089,4.8603,1.3305
1688393013,6.0078,4.8606,1.3332
1688393013,6.0104,4.878,1.3355
1688393013,6.0108,4.8872,1.3389
1688393013,6.0107,4.8972,1.3412
1688393013,6.0135,4.9133,1.3427
1688393013,6.0125,4.915,1.3433
1688393013,6.0153,4.9318,1.3433
1688393013,6.0132,4.9329,1.3433
1688393013,6.0163,4.949,1.3428
1688393014,6.0174,4.9596,1.342
1688393014,6.0179,4.9663,1.3414
1688393014,6.0179,4.9778,1.3417
1688393014,6.0186,4.9839,1.3425
1688393014,6.0197,4.9947,1.3421
1688393014,6.0194,5.0007,1.3418
1688393014,6.0196,5.0012,1.3412
1688393014,6.0217,5.0156,1.3409
1688393014,6.0249,5.0339,1.3396
1688393014,6.024,5.0383,1.3381
1688393014,6.0237,5.039,1.3371
1688393015,6.0256,5.047,1.3359
1688393015,6.0274,5.0615,1.3337
1688393015,6.0283,5.0711,1.33
1688393015,6.03,5.0777,1.3281
1688393015,6.0286,5.0787,1.3239
1688393015,6.0303,5.0867,1.3218
1688393015,6.0319,5.1047,1.3149
1688393015,6.0321,5.1125,1.3021
1688393015,6.0352,5.1277,1.2835
1688393016,6.0383,5.139,1.2664
1688393016,6.0393,5.1465,1.2356
1688393016,6.0439,5.1617,1.2296
1688393016,6.0421,5.1625,1.2276
1688393016,6.0443,5.1718,1.2237
1688393016,6.0502,5.1901,1.222
1688393016,6.0497,5.1906,1.2206
1688393016,6.051,5.1986,1.2162
1688393016,6.053,5.2064,1.2136
1688393016,6.0536,5.2176,1.2048
1688393016,6.0556,5.224,1.2001
1688393017,6.0585,5.2404,1.19
1688393017,6.0608,5.2486,1.1802
1688393017,6.0626,5.2585,1.1762
1688393017,6.0639,5.2663,1.1611
1688393017,6.0664,5.2742,1.1578
1688393017,6.0732,5.2935,1.1499
1688393017,6.0709,5.2935,1.1442
1688393017,6.0766,5.3086,1.1303
1688393017,6.0802,5.3175,1.1216
1688393017,6.0844,5.3272,1.1163
1688393018,6.0857,5.3341,1.1005
1688393018,6.091,5.3457,1.0901
1688393018,6.093,5.3545,1.082
1688393018,6.0963,5.3619,1.0725
1688393018,6.1011,5.3719,1.0629
1688393018,6.1098,5.3892,1.0554
1688393018,6.1079,5.3875,1.0507
1688393018,6.1125,5.3968,1.0375
1688393018,6.1198,5.4135,1.028
1688393019,6.1255,5.4226,1.0222
1688393019,6.1276,5.4271,1.0121
1688393019,6.1331,5.4373,1.0031
1688393019,6.135,5.4427,0.9981
1688393019,6.1411,5.453,0.9846
1688393019,6.1503,5.4684,0.9744
1688393019,6.1508,5.4704,0.9662
1688393019,6.1542,5.4772,0.9591
1688393019,6.1601,5.4862,0.9496
1688393019,6.1698,5.5017,0.9401
1688393020,6.1737,5.5075,0.9322
1688393020,6.1738,5.5083,0.929
1688393020,6.1854,5.526,0.9194
1688393020,6.1902,5.5339,0.9116
1688393020,6.1999,5.5466,0.9072
1688393020,6.2053,5.5545,0.8968
1688393020,6.2072,5.5573,0.8888
1688393020,6.2159,5.5694,0.8823
1688393020,6.2159,5.5702,0.8784
1688393020,6.2248,5.5814,0.8675
1688393021,6.2311,5.59,0.8592
1688393021,6.2339,5.5947,0.8519
1688393021,6.234,5.5949,0.8482
1688393021,6.2489,5.6121,0.8354
1688393021,6.2499,5.6139,0.8229
1688393021,6.2527,5.6175,0.8141
1688393021,6.2664,5.6327,0.8039
1688393021,6.2701,5.6364,0.8
1688393021,6.269,5.6372,0.7921
1688393021,6.2819,5.6502,0.7876
1688393022,6.2869,5.6568,0.7784
1688393022,6.2927,5.6632,0.7686
1688393022,6.2995,5.6707,0.7655
1688393022,6.3056,5.6767,0.7612
1688393022,6.3172,5.6888,0.7513
1688393022,6.3157,5.6886,0.7461
1688393022,6.3217,5.696,0.7352
1688393022,6.3369,5.7105,0.7245
1688393022,6.3405,5.7151,0.7184
1688393022,6.3469,5.7207,0.7081
1688393023,6.3558,5.7309,0.6991
1688393023,6.3619,5.7364,0.6903
1688393023,6.375,5.7484,0.6836
1688393023,6.3758,5.7494,0.6801
1688393023,6.3815,5.7554,0.6721
1688393023,6.3952,5.7669,0.6642
1688393023,6.4011,5.7719,0.6574
1688393023,6.4013,5.7725,0.6514
1688393023,6.4099,5.7791,0.6474
1688393023,6.4243,5.7914,0.6403
1688393024,6.4307,5.7968,0.6336
1688393024,6.4361,5.8016,0.6272
1688393024,6.444,5.8087,0.6215
1688393024,6.4572,5.8185,0.614
1688393024,6.4573,5.8193,0.6074
1688393024,6.4626,5.8232,0.601
1688393024,6.4795,5.8351,0.5943
1688393024,6.4861,5.8425,0.5873
1688393024,6.4866,5.8436,0.5818
1688393024,6.5002,5.8533,0.5747
1688393024,6.5004,5.8535,0.5707
1688393025,6.5168,5.8653,0.5645
1688393025,6.5233,5.8699,0.562
1688393025,6.5306,5.8746,0.5551
1688393025,6.5374,5.8799,0.5486
1688393025,6.5434,5.8837,0.545
1688393025,6.5581,5.8946,0.5382
1688393025,6.5571,5.8942,0.5339
1688393025,6.5748,5.9053,0.526
1688393025,6.5809,5.91,0.5208
1688393025,6.5811,5.9102,0.5177
1688393026,6.5977,5.9212,0.51
1688393026,6.605,5.9256,0.5068
1688393026,6.6205,5.9345,0.5008
1688393026,6.6202,5.9348,0.4963
1688393026,6.6284,5.9399,0.4878
1688393026,6.6434,5.9487,0.483
1688393026,6.6418,5.9481,0.4805
1688393026,6.6501,5.9527,0.4763
1688393026,6.6676,5.9621,0.4661
1688393027,6.6756,5.9664,0.459
1688393027,6.6919,5.9753,0.4512
1688393027,6.6907,5.975,0.4438
1688393027,6.7077,5.9836,0.4385
1688393027,6.7176,5.9884,0.4306
1688393027,6.7141,5.9869,0.4263
1688393027,6.7311,5.9945,0.4194
1688393027,6.7417,6.0003,0.4129
1688393027,6.7417,6.0003,0.4113
1688393027,6.7578,6.0089,0.402
1688393028,6.7632,6.0117,0.3979
1688393028,6.7803,6.0188,0.3943
1688393028,6.7824,6.0202,0.3909
1688393028,6.7974,6.0267,0.3877
1688393028,6.7989,6.0281,0.3838
1688393028,6.8135,6.0351,0.3798
1688393028,6.8237,6.0392,0.3739
1688393028,6.8202,6.0378,0.3708
1688393028,6.8395,6.046,0.3649
1688393028,6.8467,6.0493,0.3599
1688393029,6.8561,6.0532,0.3547
1688393029,6.8616,6.0552,0.3523
1688393029,6.8778,6.0611,0.3449
1688393029,6.8883,6.0655,0.335
1688393029,6.8856,6.0651,0.3325
1688393029,6.9041,6.0724,0.325
1688393029,6.9055,6.0737,0.3202
1688393029,6.9219,6.0792,0.3174
1688393029,6.9301,6.0828,0.3122
1688393029,6.9298,6.0828,0.3083
1688393030,6.9486,6.0898,0.3033
1688393030,6.955,6.0918,0.2974
1688393030,6.9648,6.096,0.2933
1688393030,6.9825,6.1015,0.2801
1688393030,6.9828,6.1022,0.2758
1688393030,6.9982,6.1067,0.2737
1688393030,7.0063,6.1103,0.2645
1688393030,7.0172,6.1136,0.2514
1688393030,7.0266,6.1168,0.2443
1688393030,7.0325,6.1183,0.2388
1688393031,7.0524,6.1234,0.234
1688393031,7.0511,6.1236,0.2269
1688393031,7.0676,6.128,0.2197
1688393031,7.0771,6.1311,0.2131
1688393031,7.0879,6.1337,0.2063
1688393031,7.0961,6.136,0.1995
1688393031,7.1066,6.139,0.1957
1688393031,7.1141,6.1406,0.1875
1688393031,7.1213,6.1432,0.1786
1688393031,7.1319,6.1456,0.1638
1688393032,7.1405,6.1482,0.1587
1688393032,7.1584,6.1518,0.1529
1688393032,7.1591,6.1522,0.15
1688393032,7.1757,6.1553,0.1451
1688393032,7.1842,6.1581,0.1414
1688393032,7.1906,6.1597,0.1389
1688393032,7.2017,6.1634,0.1339
1688393032,7.2006,6.1635,0.1325
1688393032,7.2203,6.1661,0.1265
1688393032,7.2247,6.1669,0.1225
1688393033,7.2342,6.1698,0.1188
1688393033,7.2393,6.1706,0.1169
1688393033,7.2571,6.1742,0.112
1688393033,7.2662,6.1761,0.1099
1688393033,7.2745,6.1782,0.1075
1688393033,7.2795,6.179,0.1045
1688393033,7.2895,6.1808,0.1001
1688393033,7.2972,6.1822,0.0941
1688393033,7.2969,6.1827,0.0908
1688393033,7.3123,6.1851,0.084
1688393034,7.3239,6.1877,0.0795
1688393034,7.3397,6.1892,0.0754
1688393034,7.3408,6.1897,0.0728
1688393034,7.3579,6.1918,0.0649
1688393034,7.3673,6.1927,0.0576
1688393034,7.3749,6.1941,0.0498
1688393034,7.382,6.1962,0.0452
1688393034,7.3917,6.1969,0.0411
1688393034,7.4027,6.1974,0.0353
1688393034,7.4093,6.1982,0.0303
1688393035,7.4297,6.2,0.0242
1688393035,7.436,6.2004,0.0167
1688393035,7.437,6.2006,0.0115
1688393035,7.4533,6.2019,0.0064
1688393035,7.4631,6.202,0.0011
1688393035,7.47,6.2033,-0.0048
1688393035,7.4811,6.2039,-0.0092
1688393035,7.4777,6.2039,-0.0106
1688393035,7.4966,6.2046,-0.0155
1688393035,7.5127,6.2044,-0.0196
1688393036,7.5122,6.2048,-0.0225
1688393036,7.5169,6.2049,-0.0242
1688393036,7.5363,6.2057,-0.0281
1688393036,7.535,6.207,-0.0296
1688393036,7.5507,6.2071,-0.032
1688393036,7.5501,6.2071,-0.0325
1688393036,7.5676,6.2076,-0.0351
1688393036,7.58,6.2075,-0.0366
1688393036,7.5853,6.2085,-0.0382
1688393036,7.6039,6.208,-0.0393
1688393037,7.6056,6.2087,-0.0408
1688393037,7.6219,6.2094,-0.0422
1688393037,7.6329,6.2094,-0.043
1688393037,7.6398,6.2104,-0.0443
1688393037,7.6512,6.2105,-0.0458
1688393037,7.6582,6.2114,-0.0475
1688393037,7.6756,6.2119,-0.0498
1688393037,7.6864,6.2128,-0.0504
1688393037,7.6881,6.2133,-0.0511
1688393037,7.704,6.213,-0.0517
1688393038,7.7055,6.2131,-0.0521
1688393038,7.7215,6.2127,-0.0523
1688393038,7.7326,6.2128,-0.0525
1688393038,7.7396,6.2136,-0.0527
1688393038,7.7511,6.2139,-0.0529
1688393038,7.7675,6.2147,-0.0534
1688393038,7.7694,6.2151,-0.054
1688393038,7.7851,6.2152,-0.0546
1688393038,7.7867,6.2152,-0.0555
1688393038,7.7997,6.2164,-0.0561
1688393039,7.8057,6.2166,-0.056
1688393039,7.8146,6.2162,-0.0557
1688393039,7.8226,6.2163,-0.0556
1688393039,7.8271,6.2169,-0.0556
1688393039,7.8371,6.2171,-0.0557
1688393039,7.8518,6.217,-0.0553
1688393039,7.853,6.2179,-0.0547
1688393039,7.8692,6.2178,-0.0537
1688393039,7.8701,6.2184,-0.0529
1688393039,7.8863,6.2188,-0.0525
1688393040,7.8975,6.2195,-0.0522
1688393040,7.9162,6.2203,-0.0506
1688393040,7.9176,6.2216,-0.0501
1688393040,7.9255,6.2222,-0.0486
1688393040,7.9346,6.2232,-0.0474
1688393040,7.9404,6.2234,-0.0466
1688393040,7.9425,6.224,-0.0439
1688393040,7.9573,6.2247,-0.0387
1688393040,7.9679,6.2248,-0.0345
1688393040,7.9849,6.2253,-0.0301
1688393041,7.9865,6.2268,-0.0255
1688393041,8.0027,6.2277,-0.0211
1688393041,8.0133,6.2285,-0.0164
1688393041,8.0204,6.2293,-0.0122
1688393041,8.0322,6.2316,-0.0082
1688393041,8.0384,6.2323,-0.0033
1688393041,8.0495,6.2342,0.001
1688393041,8.0564,6.2348,0.0047
1688393041,8.0764,6.2364,0.0079
1688393041,8.0734,6.2373,0.0111
1688393042,8.0954,6.2398,0.0137
1688393042,8.1019,6.2412,0.0161
1688393042,8.1121,6.2424,0.0194
1688393042,8.1188,6.2437,0.0224
1688393042,8.129,6.2455,0.0251
1688393042,8.1356,6.2466,0.0279
1688393042,8.1459,6.2483,0.0303
1688393042,8.1526,6.2495,0.0333
1688393042,8.1644,6.2507,0.035
1688393042,8.1723,6.2531,0.0369
1688393043,8.1878,6.2549,0.0389
1688393043,8.1973,6.2564,0.0399
1688393043,8.2081,6.2584,0.0412
1688393043,8.2145,6.26,0.0424
1688393043,8.2261,6.2629,0.0426
1688393043,8.2322,6.2642,0.0432
1688393043,8.2441,6.2674,0.0433
1688393043,8.2598,6.2685,0.0436
1688393043,8.2717,6.2705,0.044
1688393043,8.2775,6.272,0.0445
1688393044,8.2793,6.2736,0.0479
1688393044,8.2855,6.274,0.048
1688393044,8.2853,6.2755,0.0529
1688393044,8.2843,6.276,0.0586
1688393044,8.2735,6.2763,0.0761
1688393044,8.281,6.2785,0.0911
1688393044,8.2804,6.2792,0.1054
1688393044,8.2802,6.2797,0.1241
1688393044,8.2799,6.2806,0.1372
1688393044,8.2702,6.2798,0.1412
1688393045,8.2785,6.282,0.1578
1688393045,8.2783,6.2841,0.1776
1688393045,8.2687,6.2827,0.1858
1688393045,8.2787,6.2866,0.2093
1688393045,8.2784,6.2868,0.2226
1688393045,8.2793,6.2893,0.2393
1688393045,8.2695,6.2877,0.2513
1688393045,8.2785,6.2908,0.269
1688393045,8.2786,6.2913,0.2767
1688393045,8.2781,6.2937,0.2977
1688393046,8.2783,6.2944,0.3162
1688393046,8.2688,6.293,0.3266
1688393046,8.277,6.2974,0.3419
1688393046,8.2673,6.2953,0.3559
1688393046,8.2755,6.2989,0.3652
1688393046,8.2749,6.3004,0.3768
1688393046,8.2649,6.2975,0.3945
1688393046,8.2735,6.3011,0.4063
1688393046,8.2639,6.2976,0.4255
1688393046,8.2712,6.3017,0.4444
1688393047,8.2707,6.3019,0.449
1688393047,8.269,6.3029,0.469
1688393047,8.26,6.299,0.4836
1688393047,8.2667,6.304,0.4963
1688393047,8.2662,6.304,0.5098
1688393047,8.2575,6.2995,0.5156
1688393047,8.2634,6.3038,0.5299
1688393047,8.2631,6.3042,0.5452
1688393047,8.2618,6.3038,0.5596
1688393047,8.2597,6.3046,0.5793
1688393048,8.2587,6.3048,0.5966
1688393048,8.2575,6.3046,0.6045
1688393048,8.2488,6.2992,0.617
1688393048,8.2556,6.3062,0.6345
1688393048,8.2555,6.3064,0.6401
1688393048,8.254,6.3066,0.6609
1688393048,8.2536,6.3072,0.6765
1688393048,8.2457,6.3011,0.6849
1688393048,8.2516,6.3072,0.7008
1688393048,8.2513,6.3073,0.7085
1688393049,8.2499,6.3072,0.736
1688393049,8.2496,6.3073,0.7472
1688393049,8.2483,6.3072,0.7717
1688393049,8.2478,6.3074,0.7845
1688393049,8.247,6.3073,0.8058
1688393049,8.2452,6.3073,0.8248
1688393049,8.2388,6.3001,0.8405
1688393049,8.2438,6.3069,0.857
1688393049,8.2435,6.307,0.862
1688393049,8.2366,6.2992,0.8764
1688393050,8.2422,6.3069,0.889
1688393050,8.2358,6.2991,0.9057
1688393050,8.2409,6.3062,0.9213
1688393050,8.2342,6.2981,0.9401
1688393050,8.2338,6.2977,0.9471
1688393050,8.2394,6.3061,0.9638
1688393050,8.2332,6.2975,0.9747
1688393050,8.238,6.3046,0.9989
1688393050,8.2323,6.296,1.021
1688393050,8.2363,6.304,1.0436
1688393051,8.2352,6.3033,1.0507
1688393051,8.234,6.3023,1.0694
1688393051,8.2318,6.3019,1.0813
1688393051,8.2263,6.2927,1.0984
1688393051,8.2302,6.3016,1.1091
1688393051,8.2254,6.2931,1.1277
1688393051,8.2275,6.3022,1.1481
1688393051,8.2232,6.2937,1.1627
1688393051,8.2262,6.3029,1.1762
1688393051,8.2253,6.3027,1.1886
1688393052,8.2243,6.3016,1.2046
1688393052,8.2241,6.3021,1.2196
1688393052,8.2196,6.2925,1.2339
1688393052,8.2223,6.3015,1.2498
1688393052,8.221,6.3011,1.2655
1688393052,8.2207,6.301,1.2791
1688393052,8.2194,6.3008,1.2922
1688393052,8.2189,6.3003,1.3064
1688393052,8.218,6.2998,1.3204
1688393052,8.217,6.2998,1.3348
1688393053,8.2155,6.2989,1.3495
1688393053,8.2132,6.2898,1.3708
1688393053,8.2146,6.2989,1.3946
1688393053,8.2123,6.2902,1.4062
1688393053,8.2135,6.2995,1.4174
1688393053,8.2124,6.301,1.4312
1688393053,8.2117,6.3006,1.4471
1688393053,8.2111,6.3012,1.4586
1688393053,8.2103,6.3013,1.4734
1688393053,8.2097,6.3015,1.4884
1688393054,8.2086,6.3023,1.5004
1688393054,8.2069,6.3007,1.5148
1688393054,8.2052,6.3012,1.5347
1688393054,8.2046,6.2921,1.5495
1688393054,8.2042,6.3023,1.5542
1688393054,8.2038,6.3026,1.5659
1688393054,8.2034,6.3026,1.5817
1688393054,8.2031,6.294,1.6037
1688393054,8.2023,6.3031,1.6216
1688393054,8.1999,6.3045,1.636
1688393055,8.199,6.305,1.6544
1688393055,8.1977,6.3052,1.6844
1688393055,8.1974,6.3056,1.7047
1688393055,8.1968,6.3073,1.7084
1688393055,8.1966,6.3081,1.7205
1688393055,8.1956,6.3105,1.7416
1688393055,8.195,6.3113,1.7607
1688393055,8.1948,6.3123,1.7666
1688393055,8.1939,6.3137,1.7767
1688393055,8.195,6.3054,1.7931
1688393056,8.1917,6.3153,1.814
1688393056,8.1911,6.3153,1.8243
1688393056,8.1902,6.3162,1.8472
1688393056,8.1887,6.3164,1.8587
1688393056,8.1876,6.3161,1.8815
1688393056,8.1867,6.3163,1.8874
1688393056,8.1857,6.3167,1.9038
1688393056,8.1838,6.3159,1.9222
1688393056,8.1831,6.3163,1.9305
1688393056,8.182,6.3113,1.967
1688393057,8.1852,6.3029,1.9865
1688393057,8.1804,6.3098,1.998
1688393057,8.1794,6.3091,2.0074
1688393057,8.1828,6.3001,2.0212
1688393057,8.1771,6.3063,2.0395
1688393057,8.1762,6.3028,2.0532
1688393057,8.1756,6.3015,2.0654
1688393057,8.1737,6.2983,2.0795
1688393057,8.1776,6.2887,2.0956
1688393057,8.172,6.2945,2.1137
1688393058,8.1761,6.2852,2.1357
1688393058,8.1695,6.2903,2.1496
1688393058,8.1686,6.2892,2.1633
1688393058,8.1672,6.2862,2.19
1688393058,8.1614,6.2916,2.2019
1688393058,8.1548,6.298,2.2209
1688393058,8.1429,6.3096,2.2446
1688393058,8.1409,6.309,2.2674
1688393058,8.13,6.3215,2.2892
1688393058,8.1232,6.3261,2.3193
1688393059,8.1156,6.3298,2.3377
1688393059,8.101,6.3391,2.3629
1688393059,8.0996,6.3361,2.3785
1688393059,8.0878,6.347,2.3948
1688393059,8.0795,6.351,2.4171
1688393059,8.0749,6.353,2.427
1688393059,8.0661,6.3512,2.4526
1688393059,8.0595,6.353,2.4794
1688393059,8.0508,6.3544,2.4975
1688393059,8.0423,6.3577,2.5116
1688393060,8.0322,6.3605,2.5295
1688393060,8.0262,6.3633,2.5433
1688393060,8.0171,6.3672,2.5566
1688393060,8.008,6.3669,2.5786
1688393060,7.9926,6.3716,2.5941
1688393060,7.9905,6.37,2.6084
1688393060,7.9797,6.3703,2.6234
1688393060,7.9731,6.3729,2.64
1688393060,7.9608,6.3738,2.6551
1688393060,7.9536,6.3757,2.668
1688393061,7.9503,6.3719,2.6729
1688393061,7.933,6.3798,2.6844
1688393061,7.9249,6.3774,2.6907
1688393061,7.9137,6.3809,2.7026
1688393061,7.8983,6.3844,2.7152
1688393061,7.8879,6.3865,2.7244
1688393061,7.8769,6.3887,2.7366
1688393061,7.8699,6.3898,2.7524
1688393061,7.8675,6.3884,2.7669
1688393061,7.8518,6.3925,2.778
1688393062,7.8415,6.3955,2.7852
1688393062,7.8339,6.3942,2.7946
1688393062,7.814,6.4,2.8022
1688393062,7.8081,6.4,2.8075
1688393062,7.8055,6.3981,2.8144
1688393062,7.7898,6.4016,2.8207
1688393062,7.7793,6.4012,2.8284
1688393062,7.764,6.4055,2.8357
1688393062,7.761,6.4033,2.8456
1688393062,7.7547,6.4052,2.8563
1688393063,7.7361,6.4099,2.8645
1688393063,7.7308,6.4106,2.8717
1688393063,7.7306,6.4099,2.8762
1688393063,7.7159,6.412,2.8848
1688393063,7.7065,6.4117,2.8994
1688393063,7.6998,6.4108,2.9112
1688393063,7.6891,6.4106,2.915
1688393063,7.6837,6.4101,2.9198
1688393063,7.6646,6.4127,2.9266
1688393063,7.6573,6.4112,2.9349
1688393064,7.6561,6.4099,2.9425
1688393064,7.6395,6.4112,2.9474
1688393064,7.638,6.411,2.948
1688393064,7.6197,6.4128,2.9494
1688393064,7.6115,6.413,2.9503
1688393064,7.6007,6.4152,2.951
1688393064,7.5939,6.415,2.9533
1688393064,7.5802,6.414,2.9546
1688393064,7.5653,6.4161,2.9565
1688393064,7.5621,6.4129,2.9579
1688393065,7.5416,6.4155,2.9595
1688393065,7.5358,6.4161,2.961
1688393065,7.5245,6.4173,2.9632
1688393065,7.5169,6.4162,2.9657
1688393065,7.5066,6.4173,2.9672
1688393065,7.4987,6.4181,2.9678
1688393065,7.488,6.4194,2.9695
1688393065,7.4807,6.4188,2.9716
1688393065,7.4609,6.4216,2.9749
1688393065,7.4629,6.4186,2.9801
1688393066,7.452,6.4203,2.9838
1688393066,7.4375,6.4221,2.9868
1688393066,7.4378,6.4214,2.9901
1688393066,7.4217,6.4215,2.9913
1688393066,7.4224,6.4203,2.9949
1688393066,7.4043,6.4197,2.9985
1688393066,7.3954,6.4204,2.9997
1688393066,7.3882,6.4208,3.0016
1688393066,7.3774,6.4213,3.0033
1688393066,7.3623,6.4223,3.0049
1688393067,7.3607,6.4216,3.0068
1688393067,7.3448,6.4217,3.0085
1688393067,7.3341,6.4224,3.0097
1688393067,7.3255,6.4217,3.0091
1688393067,7.3185,6.4224,3.0078
1688393067,7.3077,6.4221,3.0072
1688393067,7.2967,6.4223,3.0062
1688393067,7.2891,6.4226,3.0026
1688393067,7.2803,6.4235,2.9987
1688393067,7.2753,6.4228,2.995
1688393068,7.2552,6.4257,2.9911
1688393068,7.2479,6.4253,2.9857
1688393068,7.2458,6.4244,2.9791
1688393068,7.2283,6.4257,2.9713
1688393068,7.2174,6.4264,2.9638
1688393068,7.2114,6.4271,2.9547
1688393068,7.1911,6.4303,2.9474
1688393068,7.1828,6.4303,2.9378
1688393068,7.1827,6.43,2.9336
1688393068,7.166,6.4334,2.9256
1688393069,7.1674,6.4324,2.9212
1688393069,7.1597,6.4332,2.9123
1688393069,7.1413,6.4369,2.909
1688393069,7.142,6.4356,2.9017
1688393069,7.1232,6.4385,2.894
1688393069,7.1171,6.4396,2.8938
1688393069,7.1098,6.4401,2.8944
1688393069,7.1007,6.4411,2.8927
1688393069,7.0896,6.4424,2.892
1688393069,7.0744,6.4457,2.8911
1688393070,7.0665,6.4456,2.8907
1688393070,7.0569,6.4473,2.8905
1688393070,7.0444,6.4475,2.8906
1688393070,7.0376,6.448,2.8902
1688393070,7.027,6.4499,2.8893
1688393070,7.0197,6.4508,2.8879
1688393070,7.0101,6.4524,2.8844
1688393070,6.9945,6.4563,2.8818
1688393070,6.9932,6.4555,2.8777
1688393070,6.9765,6.4592,2.8734
1688393071,6.9667,6.4617,2.8687
1688393071,6.9688,6.4606,2.8659
1688393071,6.9516,6.465,2.8616
1688393071,6.9401,6.4665,2.8562
1688393071,6.9313,6.4686,2.8528
1688393071,6.9239,6.4701,2.8492
1688393071,6.9233,6.47,2.8475
1688393071,6.905,6.4753,2.8498
1688393071,6.8881,6.4785,2.8503
1688393071,6.8789,6.4802,2.8514
1688393072,6.8774,6.4803,2.8523
1688393072,6.8609,6.4853,2.8531
1688393072,6.8532,6.4857,2.8545
1688393072,6.8433,6.4874,2.8548
1688393072,6.8341,6.4876,2.8545
1688393072,6.8179,6.492,2.855
1688393072,6.8172,6.4917,2.8558
1688393072,6.8201,6.4901,2.8555
1688393072,6.8042,6.4938,2.8535
1688393072,6.7853,6.4982,2.8513
1688393073,6.7774,6.5001,2.8504
1688393073,6.7699,6.5019,2.849
1688393073,6.7616,6.5028,2.8459
1688393073,6.7435,6.5076,2.8437
1688393073,6.742,6.5071,2.8408
1688393073,6.7353,6.509,2.8376
1688393073,6.7157,6.5137,2.8345
1688393073,6.7179,6.5114,2.8315
1688393073,6.7007,6.5164,2.8288
1688393073,6.6996,6.5151,2.8276
1688393074,6.6833,6.5195,2.8234
1688393074,6.6737,6.5228,2.8213
1688393074,6.6635,6.525,2.8187
1688393074,6.6566,6.5262,2.8155
1688393074,6.6463,6.5291,2.812
1688393074,6.6376,6.5288,2.8091
1688393074,6.6272,6.5317,2.8055
1688393074,6.6119,6.5366,2.8024
1688393074,6.6099,6.5364,2.8008
1688393074,6.594,6.5407,2.7986
1688393075,6.593,6.5407,2.7969
1688393075,6.5774,6.5441,2.7947
1688393075,6.5628,6.5489,2.7921
1688393075,6.5633,6.5485,2.7901
1688393075,6.553,6.552,2.7866
1688393075,6.5389,6.5554,2.7842
1688393075,6.5377,6.555,2.7823
1688393075,6.523,6.5602,2.7803
1688393075,6.5215,6.56,2.7781
1688393075,6.5065,6.5643,2.7756
1688393076,6.5053,6.5642,2.774
1688393076,6.4899,6.5697,2.7724
1688393076,6.4799,6.573,2.7703
1688393076,6.4731,6.5724,2.7681
1688393076,6.4625,6.5764,2.7666
1688393076,6.4475,6.58,2.764
1688393076,6.4453,6.5801,2.7618
1688393076,6.4296,6.5835,2.7593
1688393076,6.4281,6.5839,2.7574
1688393076,6.4112,6.5879,2.7563
1688393077,6.4095,6.5881,2.7553
1688393077,6.3935,6.5924,2.754
1688393077,6.3831,6.5963,2.7529
1688393077,6.3759,6.5972,2.7516
1688393077,6.3567,6.6049,2.7506
1688393077,6.3597,6.6032,2.7497
1688393077,6.3418,6.6094,2.7487
1688393077,6.3341,6.6122,2.7483
1688393077,6.3242,6.6152,2.7474
1688393077,6.3172,6.6174,2.746
1688393078,6.3064,6.6209,2.7449
1688393078,6.3,6.6237,2.744
1688393078,6.2907,6.6245,2.7436
1688393078,6.2766,6.6293,2.743
1688393078,6.2762,6.6285,2.7426
1688393078,6.2621,6.6337,2.7421
1688393078,6.2629,6.6322,2.7414
1688393078,6.2488,6.6375,2.7407
1688393078,6.2411,6.639,2.7398
1688393078,6.2356,6.6409,2.739
1688393079,6.226,6.6445,2.7387
1688393079,6.2212,6.646,2.7382
1688393079,6.2123,6.6487,2.7375
1688393079,6.2069,6.65,2.7365
1688393079,6.1982,6.6525,2.7356
1688393079,6.1922,6.6541,2.735
1688393079,6.1736,6.6613,2.7345
1688393079,6.1673,6.6628,2.7345
1688393079,6.1574,6.666,2.7345
1688393079,6.1434,6.6716,2.7346
1688393080,6.1434,6.6679,2.7343
1688393080,6.1272,6.6745,2.7341
1688393080,6.1259,6.6718,2.7341
1688393080,6.1092,6.6789,2.7347
1688393080,6.1078,6.6783,2.735
1688393080,6.0927,6.6843,2.7354
1688393080,6.0917,6.6833,2.7353
1688393080,6.0762,6.6891,2.7353
1688393080,6.0755,6.6883,2.7354
1688393080,6.0604,6.694,2.7351
1688393081,6.0502,6.6974,2.7349
1688393081,6.0435,6.6995,2.7349
1688393081,6.0318,6.7025,2.7349
1688393081,6.017,6.7086,2.7353
1688393081,6.0152,6.7094,2.7362
1688393081,6.001,6.7147,2.7375
1688393081,6.0006,6.7135,2.7392
1688393081,5.9863,6.7188,2.7411
1688393081,5.9757,6.7231,2.7428
1688393081,5.9704,6.7247,2.7458
1688393082,5.9609,6.7273,2.7477
1688393082,5.9533,6.7274,2.7502
1688393082,5.9357,6.7324,2.753
1688393082,5.9377,6.7292,2.7566
1688393082,5.919,6.7362,2.7601
1688393082,5.9122,6.7375,2.7624
1688393082,5.9107,6.7373,2.7649
1688393082,5.8946,6.7425,2.7676
1688393082,5.8847,6.7452,2.7709
1688393082,5.8763,6.747,2.7748
1688393083,5.87,6.7477,2.7793
1688393083,5.8522,6.7536,2.7838
1688393083,5.8505,6.7529,2.7872
1688393083,5.8348,6.757,2.7891
1688393083,5.8334,6.7564,2.7917
1688393083,5.818,6.7611,2.796
1688393083,5.8074,6.7637,2.8004
1688393083,5.7982,6.7642,2.8065
1688393083,5.7917,6.7659,2.8079
1688393083,5.7894,6.7638,2.8098
1688393084,5.7708,6.7686,2.8115
1688393084,5.7559,6.7736,2.8123
1688393084,5.7537,6.7728,2.8139
1688393084,5.7382,6.7767,2.8151
1688393084,5.7366,6.7764,2.816
1688393084,5.7202,6.7798,2.8173
1688393084,5.7093,6.783,2.8192
1688393084,5.701,6.7845,2.8207
1688393084,5.6887,6.7878,2.8224
1688393084,5.6721,6.7916,2.824
1688393085,5.6692,6.7912,2.826
1688393085,5.6541,6.7952,2.8277
1688393085,5.6508,6.7946,2.8299
1688393085,5.6351,6.7991,2.8306
1688393085,5.6331,6.7977,2.832
1688393085,5.614,6.8002,2.8319
1688393085,5.6038,6.8028,2.8324
1688393085,5.5959,6.8038,2.8325
1688393085,5.584,6.8063,2.8331
1688393085,5.5769,6.8074,2.8336
1688393086,5.5658,6.8103,2.8349
1688393086,5.549,6.8148,2.8376
1688393086,5.5466,6.8142,2.8399
1688393086,5.5281,6.8168,2.8403
1688393086,5.5261,6.8165,2.8412
1688393086,5.5081,6.8193,2.8416
1688393086,5.5062,6.8189,2.8426
1688393086,5.4898,6.8223,2.8429
1688393086,5.4891,6.8222,2.8429
1688393086,5.4711,6.8257,2.8435
1688393087,5.4536,6.8298,2.8441
1688393087,5.4536,6.8288,2.8445
1688393087,5.4351,6.8328,2.8451
1688393087,5.4345,6.8302,2.8451
1688393087,5.4165,6.8357,2.845
1688393087,5.4168,6.8348,2.8451
1688393087,5.4023,6.836,2.8466
1688393087,5.3936,6.8367,2.847
1688393087,5.3835,6.8383,2.8478
1688393087,5.3676,6.8404,2.849
1688393088,5.3656,6.8405,2.8494
1688393088,5.3501,6.8444,2.8504
1688393088,5.3492,6.8434,2.8515
1688393088,5.3335,6.8468,2.8529
1688393088,5.323,6.8468,2.854
1688393088,5.3166,6.8479,2.8549
1688393088,5.306,6.8488,2.8548
1688393088,5.2994,6.85,2.8546
1688393088,5.2895,6.8524,2.8541
1688393088,5.2831,6.8533,2.8543
1688393089,5.262,6.8585,2.8545
1688393089,5.265,6.856,2.8542
1688393089,5.244,6.861,2.8545
1688393089,5.2371,6.8617,2.8546
1688393089,5.2257,6.8618,2.8544
1688393089,5.219,6.8629,2.8541
1688393089,5.2183,6.8622,2.8532
1688393089,5.2021,6.867,2.8531
1688393089,5.1857,6.87,2.8547
1688393089,5.1859,6.869,2.8548
1688393090,5.1656,6.8731,2.8548
1688393090,5.1682,6.8717,2.8544
1688393090,5.1484,6.8758,2.8544
1688393090,5.139,6.8771,2.8546
1688393090,5.1374,6.8764,2.8544
1688393090,5.1189,6.8806,2.8553
1688393090,5.1049,6.8841,2.8557
1688393090,5.1044,6.8842,2.8565
1688393090,5.095,6.8845,2.8576
1688393090,5.0807,6.8878,2.8589
1688393091,5.0797,6.8858,2.8603
1688393091,5.0639,6.8895,2.8617
1688393091,5.0616,6.8888,2.863
1688393091,5.0463,6.8922,2.864
1688393091,5.0356,6.8931,2.8654
1688393091,5.0293,6.8942,2.8668
1688393091,5.018,6.8942,2.8685
1688393091,5.0109,6.8956,2.8707
1688393091,5.003,6.8946,2.8729
1688393091,4.9858,6.8991,2.8755
1688393092,4.9797,6.8992,2.8787
1688393092,4.9691,6.9017,2.8801
1688393092,4.9592,6.9035,2.8819
1688393092,4.9511,6.904,2.8837
1688393092,4.9415,6.9058,2.885
1688393092,4.9245,6.908,2.8893
1688393092,4.9232,6.9071,2.8921
1688393092,4.9081,6.9089,2.8944
1688393092,4.9067,6.908,2.8974
1688393092,4.8993,6.9083,2.8992
1688393093,4.8784,6.9118,2.9013
1688393093,4.8714,6.9127,2.9042
1688393093,4.8598,6.9144,2.9061
1688393093,4.853,6.9141,2.9085
1688393093,4.8417,6.9156,2.911
1688393093,4.8356,6.9149,2.9155
1688393093,4.8196,6.9181,2.9193
1688393093,4.8168,6.9183,2.9228
1688393093,4.8022,6.9194,2.9263
1688393093,4.7942,6.9206,2.9293
1688393094,4.7842,6.9216,2.9324
1688393094,4.7781,6.9199,2.934
1688393094,4.7707,6.9205,2.9358
1688393094,4.7597,6.9208,2.9367
1688393094,4.7439,6.923,2.9389
1688393094,4.7457,6.9221,2.94
1688393094,4.7264,6.925,2.9408
1688393094,4.7289,6.9216,2.9423
1688393094,4.7082,6.9251,2.9436
1688393094,4.7107,6.9213,2.9449
1688393095,4.6912,6.9243,2.9462
1688393095,4.6851,6.9242,2.9474
1688393095,4.675,6.9252,2.949
1688393095,4.6685,6.9233,2.9505
1688393095,4.6522,6.9256,2.953
1688393095,4.6501,6.924,2.957
1688393095,4.631,6.927,2.9591
1688393095,4.6322,6.9251,2.9601
1688393095,4.6124,6.9278,2.9619
1688393095,4.6146,6.925,2.9633
1688393096,4.5963,6.9279,2.9643
1688393096,4.5972,6.9266,2.9663
1688393096,4.5784,6.9267,2.9676
1688393096,4.5703,6.9223,2.9695
1688393096,4.5624,6.9189,2.9711
1688393096,4.5518,6.9146,2.9719
1688393096,4.542,6.9164,2.9718
1688393096,4.5272,6.9096,2.971
1688393096,4.5268,6.905,2.9712
1688393096,4.509,6.8974,2.9717
1688393097,4.5089,6.8937,2.9724
1688393097,4.4935,6.8918,2.9725
1688393097,4.4823,6.8855,2.9721
1688393097,4.4666,6.8882,2.9714
1688393097,4.4655,6.8844,2.9707
1688393097,4.4499,6.8857,2.9695
1688393097,4.447,6.8793,2.9682
1688393097,4.4408,6.8773,2.9674
1688393097,4.4247,6.8769,2.9668
1688393097,4.4209,6.8733,2.9651
1688393098,4.4033,6.8727,2.9634
1688393098,4.398,6.8728,2.9617
1688393098,4.3867,6.873,2.9603
1688393098,4.3797,6.8722,2.957
1688393098,4.3689,6.8685,2.9508
1688393098,4.3525,6.8693,2.9454
1688393098,4.3503,6.8687,2.9379
1688393098,4.3437,6.8688,2.9312
1688393098,4.3316,6.8695,2.92
1688393098,4.3242,6.8689,2.9051
1688393099,4.305,6.8725,2.89
1688393099,4.2989,6.872,2.8722
1688393099,4.2863,6.8721,2.856
1688393099,4.2705,6.8742,2.8568
1688393099,4.273,6.8723,2.8585
1688393099,4.2702,6.8721,2.8586
1688393099,4.2531,6.8715,2.8603
1688393099,4.2423,6.8729,2.8606
1688393099,4.227,6.8748,2.8609
1688393099,4.2179,6.8773,2.8611
1688393100,4.2168,6.8767,2.8617
1688393100,4.2004,6.8773,2.8629
1688393100,4.2045,6.8743,2.8649
1688393100,4.1865,6.8774,2.8658
1688393100,4.1755,6.8771,2.8655
1688393100,4.1592,6.88,2.8669
1688393100,4.157,6.878,2.8676
1688393100,4.1409,6.881,2.8687
1688393100,4.1393,6.8798,2.8706
1688393100,4.1218,6.8832,2.8734
1688393101,4.1108,6.8846,2.8747
1688393101,4.1109,6.8807,2.8784
1688393101,4.0951,6.8819,2.8831
1688393101,4.0836,6.8843,2.8864
1688393101,4.0748,6.8861,2.8898
1688393101,4.0665,6.8848,2.8942
1688393101,4.0554,6.8864,2.8967
1688393101,4.0499,6.8839,2.9032
1688393101,4.0469,6.8782,2.9065
1688393101,4.0497,6.8694,2.9104
1688393102,4.0454,6.8686,2.9106
1688393102,4.0464,6.8614,2.9114
1688393102,4.0421,6.8591,2.9115
1688393102,4.0415,6.8514,2.9124
1688393102,4.0351,6.8499,2.9139
1688393102,4.0346,6.8441,2.9152
1688393102,4.0281,6.8413,2.9179
1688393102,4.0225,6.8401,2.9201
1688393102,4.0056,6.8394,2.9219
1688393102,4.0029,6.8323,2.926
1688393103,3.9942,6.8314,2.9293
1688393103,3.9897,6.8289,2.9332
1688393103,3.9907,6.826,2.9367
1688393103,3.9714,6.8274,2.9393
1688393103,3.9564,6.8276,2.9448
1688393103,3.9378,6.8289,2.9491
1688393103,3.9321,6.8285,2.9511
1688393103,3.9125,6.8291,2.9547
1688393103,3.8997,6.8301,2.9603
1688393103,3.8814,6.8308,2.9638
1688393104,3.8776,6.8299,2.97
1688393104,3.8688,6.8284,2.977
1688393104,3.8491,6.8311,2.9806
1688393104,3.8399,6.8288,2.9869
1688393104,3.8364,6.8279,2.9959
1688393104,3.8189,6.8296,3.004
1688393104,3.8074,6.8299,3.0088
1688393104,3.8009,6.8289,3.011
1688393104,3.7898,6.829,3.0141
1688393104,3.7826,6.828,3.0162
1688393105,3.7718,6.8285,3.0183
1688393105,3.7563,6.8292,3.02
1688393105,3.7545,6.8283,3.0217
1688393105,3.7377,6.8292,3.0228
1688393105,3.7293,6.8279,3.0244
1688393105,3.7189,6.8275,3.0253
1688393105,3.7172,6.8266,3.0265
1688393105,3.7002,6.826,3.0277
1688393105,3.6892,6.8268,3.0286
1688393105,3.6823,6.8276,3.0298
1688393106,3.6724,6.8275,3.0306
1688393106,3.6659,6.8283,3.0319
1688393106,3.6572,6.828,3.0335
1688393106,3.6425,6.8289,3.0351
1688393106,3.6427,6.8257,3.0362
1688393106,3.6281,6.8234,3.0378
1688393106,3.6281,6.8227,3.04
1688393106,3.6134,6.8216,3.0425
1688393106,3.6132,6.8208,3.0433
1688393106,3.5973,6.8221,3.0425
1688393107,3.5873,6.8219,3.0429
1688393107,3.5815,6.8217,3.0411
1688393107,3.5714,6.8225,3.038
1688393107,3.5746,6.8221,3.0362
1688393107,3.5479,6.8218,3.0283
1688393107,3.5392,6.8224,3.0106
1688393107,3.5293,6.8235,2.9945
1688393107,3.5238,6.8239,2.984
1688393107,3.511,6.8239,2.9498
1688393107,3.5033,6.8248,2.9377
1688393108,3.5011,6.8238,2.9348
1688393108,3.4817,6.8263,2.9379
1688393108,3.4708,6.827,2.9385
1688393108,3.4543,6.8297,2.9402
1688393108,3.4458,6.8286,2.942
1688393108,3.4455,6.8281,2.943
1688393108,3.4248,6.8301,2.9444
1688393108,3.4183,6.8306,2.9442
1688393108,3.4059,6.8324,2.9464
1688393108,3.3886,6.8345,2.95
1688393109,3.3901,6.8342,2.9511
1688393109,3.3694,6.8377,2.956
1688393109,3.3693,6.8343,2.9593
1688393109,3.3539,6.836,2.9635
1688393109,3.3424,6.8374,2.9682
1688393109,3.3363,6.8375,2.9727
1688393109,3.3244,6.836,2.9771
1688393109,3.3188,6.8365,2.9833
1688393109,3.3176,6.8358,2.9878
1688393109,3.2995,6.8363,3.0023
1688393110,3.2928,6.8355,3.0066
1688393110,3.2727,6.8362,3.0106
1688393110,3.2728,6.8347,3.0118
1688393110,3.2556,6.8359,3.014
1688393110,3.2528,6.8343,3.0167
1688393110,3.2356,6.835,3.0192
1688393110,3.226,6.8332,3.0229
1688393110,3.2149,6.8335,3.0262
1688393110,3.2033,6.8312,3.0286
1688393110,3.1956,6.8318,3.0321
1688393111,3.1872,6.8314,3.0365
1688393111,3.1872,6.8309,3.0387
1688393111,3.1687,6.8318,3.0448
1688393111,3.1584,6.8293,3.0527
1688393111,3.1391,6.8305,3.0572
1688393111,3.1321,6.8287,3.0648
1688393111,3.1306,6.8274,3.0716
1688393111,3.1122,6.828,3.0754
1688393111,3.1072,6.8273,3.0774
1688393111,3.1045,6.8269,3.0835
1688393112,3.0877,6.8256,3.0889
1688393112,3.0768,6.8253,3.0941
1688393112,3.0692,6.8234,3.0995
1688393112,3.0586,6.8204,3.1071
1688393112,3.0397,6.8199,3.1108
1688393112,3.0315,6.8184,3.1178
1688393112,3.0314,6.8175,3.1216
1688393112,3.0136,6.8136,3.1272
1688393112,3.0034,6.8124,3.1332
1688393112,2.9868,6.8097,3.1388
1688393113,2.9849,6.8082,3.1395
1688393113,2.9691,6.8071,3.1322
1688393113,2.9579,6.8052,3.1232
1688393113,2.9607,6.8018,3.1143
1688393113,2.9434,6.8007,3.109
1688393113,2.9336,6.7962,3.0958
1688393113,2.9326,6.7954,3.0901
1688393113,2.915,6.7932,3.088
1688393113,2.9052,6.7881,3.0839
1688393113,2.896,6.7851,3.0798
1688393114,2.8869,6.7828,3.0774
1688393114,2.8715,6.7808,3.0754
1688393114,2.8702,6.7791,3.0736
1688393114,2.8519,6.7733,3.0718
1688393114,2.8516,6.772,3.0702
1688393114,2.8353,6.7665,3.0677
1688393114,2.8246,6.7652,3.0653
1688393114,2.8187,6.7621,3.0632
1688393114,2.8083,6.7602,3.0612
1688393114,2.8022,6.7573,3.0589
1688393115,2.7917,6.7559,3.057
1688393115,2.7855,6.7539,3.0562
1688393115,2.7751,6.7518,3.0542
1688393115,2.7592,6.7489,3.0519
1688393115,2.7581,6.746,3.0492
1688393115,2.7421,6.7421,3.0472
1688393115,2.7349,6.7401,3.0445
1688393115,2.7251,6.7373,3.0393
1688393115,2.7146,6.7351,3.0387
1688393115,2.707,6.733,3.0369
1688393116,2.7009,6.7298,3.0351
1688393116,2.692,6.7282,3.0332
1688393116,2.6814,6.7249,3.0312
1688393116,2.6849,6.7248,3.0303
1688393116,2.666,6.7209,3.028
1688393116,2.646,6.718,3.0271
1688393116,2.6478,6.7149,3.0264
1688393116,2.6326,6.7131,3.0257
1688393116,2.6228,6.7092,3.0239
1688393116,2.614,6.7076,3.0217
1688393117,2.6073,6.7052,3.0179
1688393117,2.5981,6.7033,3.0142
1688393117,2.5872,6.7012,3.0097
1688393117,2.5715,6.6985,3.0067
1688393117,2.5697,6.6963,3.0024
1688393117,2.5539,6.6935,2.9985
1688393117,2.5522,6.6916,2.9953
1688393117,2.5361,6.6883,2.9926
1688393117,2.5255,6.6843,2.9906
1688393117,2.5195,6.6828,2.9886
1688393118,2.5086,6.6805,2.9866
1688393118,2.5022,6.6788,2.9845
1688393118,2.4914,6.677,2.9825
1688393118,2.4763,6.6742,2.9796
1688393118,2.4766,6.6733,2.978
1688393118,2.4603,6.6698,2.9719
1688393118,2.4648,6.6693,2.9703
1688393118,2.45,6.6658,2.9686
1688393118,2.4503,6.6642,2.9673
1688393118,2.4347,6.6609,2.9663
1688393119,2.4248,6.6576,2.9654
1688393119,2.4191,6.6552,2.9629
1688393119,2.4093,6.6519,2.9613
1688393119,2.4031,6.6502,2.9612
1688393119,2.383,6.644,2.9597
1688393119,2.3773,6.642,2.9593
1688393119,2.3665,6.6388,2.9581
1688393119,2.3602,6.637,2.9579
1688393119,2.3497,6.6338,2.9577
1688393119,2.3431,6.6309,2.9582
1688393120,2.3326,6.6275,2.9592
1688393120,2.3167,6.6232,2.9597
1688393120,2.3151,6.6212,2.9594
1688393120,2.2992,6.6169,2.9595
1688393120,2.2978,6.615,2.9581
1688393120,2.2825,6.6111,2.9599
1688393120,2.2718,6.6085,2.961
1688393120,2.2655,6.6056,2.9632
1688393120,2.255,6.6025,2.9635
1688393120,2.2482,6.6001,2.9642
1688393121,2.2473,6.5987,2.9661
1688393121,2.2487,6.5982,2.9657
1688393121,2.2485,6.5966,2.965
1688393121,2.2488,6.5959,2.9642
1688393121,2.2399,6.5935,2.964
1688393121,2.23,6.5887,2.9642
1688393121,2.2129,6.5853,2.9646
1688393121,2.2049,6.5828,2.966
1688393121,2.1952,6.5792,2.967
1688393121,2.1744,6.574,2.9674
1688393121,2.1744,6.5728,2.9675
1688393122,2.1526,6.5662,2.9671
1688393122,2.1372,6.562,2.966
1688393122,2.1359,6.5607,2.9653
1688393122,2.1263,6.5581,2.965
1688393122,2.1195,6.5557,2.964
